            13.1949458113,            26.4457237345,          -148.8283874799,           -15.5455082348,          -150.0309004573
           -15.8013620428,           -23.9654121479,          -176.2763514509,            10.5215984076,          -128.4900797465
            21.9708591434,            24.2337576147,          -153.2725729526,            67.5952557196,          -152.2278816328
            37.9290773292,           -29.8608519560,          -156.3086882414,           -29.0864180465,          -148.8489708740
            24.3611484145,            24.1275048611,          -156.0091643048,           -14.3235383050,          -143.4693992086
            15.4596761285,           -24.9836073980,          -162.1318067918,            -5.6072722660,          -148.9057310441
            17.2278491426,            26.3238050317,          -144.4381496957,            10.9196932003,          -153.1548505234
             8.3631104759,           -31.9425087619,          -145.1879577564,           -34.0077573588,          -156.0822756670
            -7.3935433006,            22.3908190631,          -153.8552977556,             2.2095941626,          -139.4314976472
            18.4333034468,            -5.8108158193,          -144.0075005919,            10.1079765442,          -150.8643114231
            -0.1349629709,           -17.9406787968,          -150.9265307526,           -56.7682941279,          -147.8543784933
           -21.4490771035,           -14.9584202964,          -128.5436035772,           -39.9941144726,          -160.8285589449
           -23.4033505526,           -14.9141245482,          -162.8219434105,            45.2391491614,          -144.2450573447
           -12.8372363182,            44.9181547494,          -133.4322700709,           -44.3079201096,          -161.6218886591
           -19.7166579908,           -26.6301553181,          -156.5377055731,            38.8279236935,          -155.1908692933
            -6.7223271211,            19.6376158168,          -169.0787638920,            -0.2777554588,          -143.8222936600
             2.9110574548,           -20.0456516598,          -146.9137335005,            17.6302570631,          -145.9736361000
            -9.6275260146,            15.8921897912,          -175.2374659672,           -19.0423078989,          -132.4784914958
            20.8270048144,           -22.0221379874,          -151.5033898102,            60.7171839580,          -143.7925016065
            26.3458646923,            11.3555898892,          -161.7436879994,           -46.1220635435,          -153.3882876765
             4.6186063868,            17.7875314011,          -146.8464189722,            -4.4854357680,          -157.4720485344
             7.0682669919,           -39.7167625275,          -160.5341169411,            -6.7350802880,          -138.7042186971
             0.3876983414,           -18.2433461039,          -155.3428525598,            15.8096629842,          -130.3160149525
            21.3396106249,             8.3161695441,          -150.7894518256,            28.6335845043,          -138.4893873060
             7.4932585575,             8.8530045689,          -140.1326008495,           -40.5103635716,          -149.6274354148
           -12.7064706018,           -12.5375543692,          -155.0479515877,            -5.1276548859,          -137.9998847065
           -31.5652091795,            -1.9541649649,          -134.2934228353,           -33.6309860055,          -149.8962987035
           -29.0856355142,             2.6433580917,          -138.9351684154,            49.5528263492,          -155.5920923279
            -7.7347184158,            10.3103182441,          -146.8012951610,            -6.1089269834,          -161.6620240964
           -24.7060457769,             2.8160558990,          -142.3237467216,           -25.8245628572,          -158.3113859907
           -26.6920954560,           -10.2276426555,          -141.5047035991,             1.1362296213,          -157.9999670812
           -35.7606631707,            10.9046997141,          -149.2493431037,             6.9633847990,          -147.5090714517
            -9.3346529373,           -19.8516743533,          -146.7071223252,            45.3946151712,          -146.4635223487
           -10.1083657718,            -5.3877240171,          -151.3774132023,            17.7051798432,          -146.3847096169
            -8.5638859671,            18.3351285081,          -135.9776555263,           -16.2340874032,          -147.5327492777
           -14.0651395823,            -7.6461475812,          -141.5203600945,            14.4131453887,          -146.5601362101
             1.1610246235,           -10.3130030131,          -140.6850149414,            22.4940331302,          -153.2294908125
            10.3907744284,           -18.0676612815,          -130.2593891439,           -15.8245874418,          -144.0768909700
            10.7889292984,            34.0599076700,          -157.6153365854,            13.4651395301,          -126.8324083130
            17.1496505837,             5.0659307679,          -132.3222448993,           -12.8664120958,          -151.1760162198
            22.2170382732,            -1.6681211085,          -155.3553249289,            32.8499727172,          -155.6144455847
            30.0046686253,           -11.5719194479,          -143.9195231117,            -9.8673483202,          -155.8286596648
            30.7246974615,            14.1374864871,          -138.3554056919,             1.3810583011,          -171.8381164803
            22.7210306932,           -13.8440694202,          -144.1717034614,           -43.7406804675,          -152.9969955527
            21.3594384062,             6.5282442061,          -147.2221216991,            34.6432833620,          -139.6975103286
            10.5755768536,            -5.9321938381,          -137.7827534139,           -31.1594715048,          -147.2284060756
            -3.1692260493,             0.0817311377,          -156.1740210405,           -10.3117731547,          -133.9253138666
            15.6870697423,            14.1484665637,          -135.9202895546,            35.1291592553,          -148.6512938434
             9.2964961790,           -35.0868568840,          -156.8901091535,           -24.6844566111,          -133.5245804855
             1.5965895543,            36.9760161069,          -154.4731337245,            -3.3065992942,          -140.7425593333
            -5.7607043383,            -1.1501867725,          -149.2701086580,             6.9416331582,          -157.5681065871
            -6.4611154824,             1.9280113435,          -158.4155308171,           -29.2235451342,          -143.3011893249
           -27.2895493552,            -3.4132044085,          -171.3965980912,            26.6597654967,          -145.1005397298
            -8.7855242666,            21.3744665178,          -161.1192381049,             3.6788707217,          -142.1042152452
            -3.2664034036,           -28.4548470231,          -159.7533093699,            28.4580003619,          -140.0628886393
             9.1024062984,             6.2704957323,          -141.7938746177,           -32.1935989669,          -154.2075545368
           -10.5699053996,           -19.3723501362,          -139.5308931094,           -11.0454053419,          -153.7468510989
           -15.9759693312,            -2.9106755586,          -157.6788070504,            10.3364395823,          -126.0607219596
            -4.9314332848,            36.6272268355,          -142.3270874132,            14.9085725664,          -146.8321237302
            13.1598063030,           -32.3802608147,          -161.5184505341,            28.7092148895,          -148.2882830399
            15.1578663490,            22.6137560257,          -152.4905323467,           -22.0630892661,          -139.7818410542
           -22.0868892316,           -14.8352608414,          -155.5912277365,           -29.6333351890,          -134.0476442691
           -17.8234269933,            -9.7627082357,          -133.8244858813,            35.6492763427,          -154.9940318535
            -6.6000388604,             7.8151842278,          -152.9708085923,            30.3000951087,          -148.0604299678
           -14.7721323957,            -2.0255354048,          -130.0475348379,           -25.4138427779,          -168.3818476321
           -20.2616607067,            -0.3259466689,          -148.1110783119,            18.6586978672,          -161.6835539302
             2.6935663630,            -3.4441586622,          -153.2599650148,            18.9016983964,          -141.3537151605
            18.2510916766,           -26.7056222841,          -141.9283939559,             1.1200224914,          -150.0048491149
            18.2011187309,            -2.5982699503,          -157.9573804460,           -14.6370598589,          -138.7714396417
            -2.1863968181,            37.4220341293,          -135.0910861959,           -30.4264426181,          -156.2716217046
             0.7092029354,           -15.0720586497,          -154.1840559175,            10.2928986757,          -143.7184697349
           -14.2328800513,           -14.5138840026,          -130.9196731157,           -23.1919861717,          -156.6173919645
           -14.8458373481,           -14.8156973085,          -143.3669469336,            37.0813773094,          -152.1811572044
             8.9278189426,            17.0139999923,          -133.7118020398,            26.2501888040,          -147.4072364740
             5.5755293381,             2.2372941915,          -142.7983697678,           -48.2443222118,          -131.9285815679
             5.6575934168,            15.7677153538,          -144.6653672583,            60.2371043305,          -141.3870700581
            17.2469938159,           -12.3446987077,          -142.1808907952,           -63.5745118289,          -152.9985083730
           -23.7581359548,            -0.6386012421,          -137.5846872110,            -1.4570809754,          -165.8792743313
           -23.8474064358,            -9.9952046230,          -141.2932824743,             4.7805785027,          -156.8511431053
            -3.9691747126,            -2.6259582931,          -154.7027732862,            27.0804988842,          -119.4076259442
            -7.5144833405,            13.1953214654,          -145.2115965995,           -16.5300716263,          -147.7320506021
           -13.7839683220,            -6.1756428046,          -145.1155951935,             7.1608487505,          -149.3353451181
            21.9340844637,             4.6563181960,          -148.6595637213,            51.5191484513,          -152.9978313708
            36.6753965976,            -3.6553554059,          -146.3026603504,           -24.4492417260,          -136.2959588642
             3.5800178143,            -0.7332776168,          -146.4697121040,           -35.0241689391,          -135.6250520893
            -3.1007503109,           -15.3008440555,          -142.0002851581,             8.7164975109,          -145.7910873927
           -15.2735614745,            32.2568169567,          -163.6146279045,           -38.2627236025,          -136.2421925546
            12.4750757590,           -21.2856287384,          -142.9195923177,            46.8329002052,          -150.0115638938
            17.0842475744,            14.8963003336,          -146.6448612890,            43.1983717345,          -140.3028437754
            22.1506570862,           -16.8168125634,          -142.7126525568,           -31.3785399379,          -153.8843560120
            21.5633745918,            20.1117173107,          -136.6949040644,            25.9660260233,          -161.7180224930
            18.7374808228,            -4.3655238582,          -130.7656418796,           -36.4059875888,          -164.2158235831
            10.7582246554,             5.8578643991,          -160.7291410900,            17.7455589768,          -149.9065981877
             6.4590176750,            14.1118837577,          -142.9533814985,           -42.0171387608,          -152.7474998299
           -34.8813724236,           -21.7927928052,          -149.1588361382,             2.2127749747,          -146.0923864253
           -18.8051252018,            -3.4119875834,          -148.0629162738,            22.2491100098,          -141.0653359009
             8.9458281791,             1.1515085910,          -127.1428491500,            30.6218727110,          -154.4448877261
            -9.2826257150,             8.9830237595,          -155.8460671065,           -53.0571144490,          -144.3218222577
           -17.5355309550,            29.4863722449,          -139.3888710641,            10.6737624727,          -159.3819591225
            -8.9922841906,            30.7435594744,          -155.5341462124,            -7.5050464932,          -150.4805950719
             0.4948416195,           -16.5295327303,          -155.8504502096,            21.9722932705,          -145.4502915041
             8.6622078383,            24.3851065229,          -174.4136760952,            -0.7245884289,          -136.0761317444
            -8.4719239699,           -29.5187081185,          -162.7999229351,             6.7065562824,          -149.3426853227
            -6.7651282882,             5.9303434484,          -170.8701837074,            -0.4372419030,          -134.9432741366
           -11.9089040729,           -11.3867740939,          -142.9875713744,            40.0780800811,          -146.2590539402
             9.0009160240,           -15.9001229107,          -148.5551305319,            34.0830415799,          -164.0362564335
            30.8558440626,            15.6634959674,          -136.0819890753,            12.6197250650,          -155.2760691428
            30.6504352268,             4.8499628543,          -147.8236636836,           -17.7033584019,          -154.3297092265
            25.9207214193,           -17.1153184873,          -152.5509389760,            -6.8734049134,          -145.2705494986
             3.0897452361,            10.5953255011,          -150.8002294964,           -44.2133435037,          -142.1275625168
             9.0457000694,            14.4113021801,          -147.4674317748,           -37.8289919361,          -151.4351073153
           -15.0233958855,           -15.3505487731,          -152.2546182751,            -3.7579096343,          -145.2619705691
           -22.9348566875,            15.1001152474,          -147.0498311546,           -15.4223721838,          -153.6880161151
           -12.4541706153,            -8.8780620791,          -145.8399804412,            37.6329457161,          -153.3467174201
            -6.9856315303,           -10.1672773100,          -135.8730292373,           -26.3316905730,          -152.2624766794
            -8.9758820777,            13.8251209598,          -152.1810612387,            20.4327406966,          -153.4483136950
             2.7296802293,             6.7692944750,          -148.6078243419,           -12.3974314129,          -138.5245194721
            -3.0094472284,            13.0683141536,          -161.9499332061,           -12.1770392548,          -141.2688537132
           -21.2709539250,            -1.1256702679,          -163.2346974030,            -2.2888561049,          -148.2200863702
            -5.1613793999,           -18.2373236149,          -150.2554924939,            10.3855859085,          -143.5410724345
           -11.8348768640,           -12.1341879800,          -151.6772334415,            -9.5181390813,          -142.5313974061
