             0.0829830645,            21.1254549798,             1.7094166529,            -1.0111532900,            -0.2538236968
             0.7848194871,            22.8266400183,            -0.1669193830,             0.5633280684,            -0.6178483775
             0.3003342258,            21.0936664807,            -0.6176524989,            -1.3360210389,             0.0830995108
            -0.0503229313,            20.9960123312,             0.8997560773,            -1.1892908382,            -0.2497237287
             0.2263769733,            21.1082936271,             2.1304975225,            -1.5810182864,             0.4249420363
             0.5104429710,            20.8164472679,            -0.2380870957,            -0.3596789085,            -0.8264405453
             1.2736132383,            21.1934669070,            -1.5243521246,             3.1417540256,            -0.3521214309
             0.2035162833,            20.8462436043,            -1.6800088253,             0.5508837217,             1.1775502071
            -0.3831430122,            20.8648814582,             1.0585059674,             2.1471782500,             0.0191114082
            -0.2734182828,            20.5178472477,             0.4306209765,             1.5762460743,            -0.1987952448
            -0.0701247407,            21.6966535523,            -0.6458338279,             1.3003087128,             0.3091928811
             0.6579328460,            22.2928064131,            -3.6926585978,             3.7675188401,             0.7900745894
             0.0160995352,            20.4252133962,             1.6796778363,             0.5169385074,            -0.7378005919
            -0.8641704708,            24.3264294184,             0.3220671132,             6.5637363914,             0.8450098441
             1.1993908170,            22.6979081202,             1.5293590493,             4.1816609843,            -1.5598464529
            -1.3689346974,            19.8723131700,            -0.7067837504,             0.3902019647,             1.4555881784
            -1.0355059113,            22.8420302341,             0.5409487858,             4.3384112597,             0.7180200372
             1.6473403778,            22.2484911955,            -1.8935539007,             4.0349326898,            -0.0620245950
             0.0501182093,            20.4709085901,            -0.3460836859,            -1.6517154844,             0.0471214971
            -1.4487981232,            23.1043804715,             1.8383943075,             5.3165559799,            -0.3090816792
             0.3579536153,            21.9033854868,             1.0074444939,             0.0926193411,            -1.9397938868
             0.8989538892,            21.7552606890,            -1.1497054398,             3.9021257348,             0.7480061819
             0.7921191204,            22.0829741677,             0.1055525718,            -1.8169939689,            -0.8178232106
            -0.8240087465,            21.3581151518,            -2.0840649769,             3.2060448048,             0.3044438313
             0.3521021019,            20.7496723356,             1.3692909158,             1.4335957016,             0.0392655747
             0.0149220135,            21.7745798615,             0.2502278129,             2.2921129074,             0.6789953671
             1.1905320760,            22.3059421193,            -1.7522077711,             4.5830936925,             0.3814758037
             0.8290974599,            21.8054656434,            -2.9272107616,             1.5005974377,             0.1966200213
            -0.5028007236,            23.1911642972,            -0.0635451572,             4.4188566681,            -0.3032793919
            -0.5548027426,            22.6325783893,             3.2625440552,             3.8199557417,            -0.7492224480
            -0.1507554335,            22.3721847652,             1.0098273618,             2.9668057484,             0.8964156461
            -0.0583601153,            22.2549300072,             0.4590634804,             1.1564931186,            -0.0415851913
            -0.8165106861,            23.4385161446,            -4.2384679395,             0.6323737653,            -0.0150725671
            -0.3856927635,            21.5340617713,             1.1814479392,             0.1631673819,            -0.0696674011
             0.4744036504,            25.5788975523,            -2.1851789686,            -1.2031207695,             1.9383278700
             0.2698537622,            23.9683361731,             2.8943549982,             0.5488598005,            -1.7688941513
             0.3789297922,            20.7022199250,            -0.2017147035,             1.4807225690,             0.6700164178
             0.4193052828,            24.2291297959,             2.1455959286,             0.1831388519,            -1.3585565898
            -0.9590838092,            22.3409471251,            -1.0514243162,            -1.7688131789,             0.0187836738
            -0.4137007795,            20.0017020163,             0.7488304313,             0.9767942015,             0.7906042576
             1.6300776427,            23.6654847261,            -0.3371348723,            -1.8936343132,             0.6595592581
             1.0575543813,            22.0130493609,             0.7248027678,            -1.6188253146,            -0.4536597896
             0.0954906562,            23.0122928250,            -0.6535275493,             1.6266227428,             0.8400242144
            -0.4287309456,            21.5407703111,             0.0965434057,             0.1085132155,             0.9355772571
            -0.1048349776,            22.6483816333,            -0.8922115144,            -0.6827091800,            -0.0140873699
             0.8356872756,            21.8349936089,             2.8386181147,             1.4104434422,            -1.0435594736
            -0.0848729172,            22.2164266955,            -1.3176507222,            -0.7576308669,             0.4232703927
            -0.9909223805,            23.6089288760,            -0.3639043043,            -1.1167874899,             0.2004020601
            -1.3299800473,            22.5772530396,            -3.1899195727,             0.1293631745,             0.0053450971
             0.5492501645,            23.6980125667,            -1.0799415548,            -2.8220526721,             0.3642921125
             0.4392692861,            23.8175395305,             3.2449850123,            -2.5839001498,             0.2085253899
             0.2989500641,            22.7889628472,             1.2370560092,            -1.7398607891,            -0.0754460237
            -0.1472470701,            22.2118030254,             1.2595681818,            -1.4011141368,            -0.1066942684
            -0.5030590797,            22.6078641689,            -2.1700423883,            -1.6253233000,             0.3239805082
             0.4726076377,            21.2737553817,             2.5831393138,            -0.7713782460,            -2.3485712225
             0.3669819585,            24.1313093626,            -1.1595844576,            -5.4411902964,             1.4047774207
            -1.6416072648,            22.4448015927,             2.1651040553,            -4.3597206144,            -0.8438081630
             1.0375589871,            21.5543099512,            -2.9368355673,             0.4761066263,             1.7628603469
             2.4359885215,            24.1850514574,            -0.0163894766,            -0.2095808525,             0.1133704222
            -1.4656191737,            20.6459732577,             0.7515158428,            -1.5696235575,            -1.1471361229
            -0.2727439392,            22.2246331154,             2.3968360854,             4.2391408628,            -0.1185712006
             0.5677725116,            22.4268820735,            -0.1758483223,            -2.9450421359,             0.6768144339
            -1.6730082992,            21.2010108856,            -1.6402470224,            -2.1734783561,            -0.2058536190
             0.0018549643,            21.9175809665,            -0.6383861088,            -1.6445861501,             0.1818559113
            -0.7527158955,            22.0723111531,             2.2088690955,            -0.2342813196,            -1.2380280694
             0.8331473040,            22.0675407187,            -0.2692688979,            -0.2072621742,            -0.3248573095
             0.0599023500,            21.4941986647,             0.5985014571,            -1.9346507352,            -0.1748748010
             0.4366697376,            21.7046424562,            -1.0697833656,             2.3496542926,             0.7916782378
            -0.0758494226,            21.9237728041,             0.6592375380,            -1.5709184084,            -1.1105286744
            -0.8799297943,            22.2796268960,            -1.2357843599,            -0.5888852831,             0.0165877013
            -0.2614307203,            21.4757192419,             1.3258193725,            -2.5342766204,            -0.6048631201
            -0.6448097658,            21.6599290977,             1.0707141745,            -3.5498535778,             0.0871079325
             1.0545183698,            21.1911689916,             0.8121087195,            -1.6880475203,             0.4116725292
             0.1360569797,            20.8205670595,             1.3866958707,            -5.7570149260,            -0.5820773852
            -0.0102832078,            21.7912618782,            -2.1515845660,            -0.5243775979,             0.2772075016
             1.1172791700,            22.1976271986,            -1.8151866527,             2.3826033979,             0.4598062810
             0.8318728147,            21.1372432789,            -0.3853932140,            -2.4388591866,             0.8047896694
            -2.1436819616,            21.7981845097,             3.4427095605,             3.3888408546,            -1.1605850342
             1.0373851280,            22.2350922711,            -0.6629392374,             1.5144010347,            -0.1942215360
            -0.2394053195,            22.2374527698,            -1.7555957470,            -4.6474286625,             0.3290668971
            -0.9057125533,            20.4106225781,            -0.0619695326,             2.4707161657,             0.3979913586
             1.8826473958,            23.2709788118,             2.5966529101,            -2.8362389858,            -0.7747230602
            -0.3265423151,            21.1014786984,             0.0633682975,            -1.5966159802,             0.8723027160
            -0.7430179772,            21.1005337152,             0.0254622478,             1.0151280090,            -0.9854911324
            -0.8000164405,            20.8019947833,             0.6837741100,            -0.6952965670,             0.2429481766
             0.9476278628,            21.9819774865,            -0.5200991938,             1.1238771606,            -0.1671320027
             1.1337952646,            21.4187722245,            -0.0524122174,            -2.3372093840,             0.4923590826
            -0.9553994631,            20.9836113070,            -0.8171392906,             0.7650292305,             0.3508624287
             0.4064773252,            22.8749399693,             0.2624382663,            -0.2051516759,            -0.5818750885
             0.2475143124,            21.5419485557,            -0.5788365026,             0.6174941897,            -0.0005162438
             0.1296893841,            22.5227267814,             0.0235555201,             1.2146031717,            -0.5031339602
            -0.6252390937,            21.1990199883,             2.3724519575,            -0.6295242549,            -0.1855889958
            -0.0191006417,            20.9184766176,             0.5269952576,             0.8946393612,            -0.4552835380
             0.6628295684,            20.9367195955,             1.5256251917,             0.8116572389,            -1.3990165630
            -0.2353013461,            19.6872764042,            -1.0245941066,             2.9171066589,             0.5086164925
             0.4260206726,            21.7193951255,            -2.5062801341,             1.1122283800,             0.7258629184
            -1.4705263384,            21.9537328662,            -1.8083591988,            -1.8664368764,            -0.2249475175
            -0.2987712439,            20.5194121695,             0.8213639296,             1.5272088834,             0.7730502279
             1.4340661186,            22.6777858930,             1.7857157844,             0.0316497457,            -0.9756536028
             1.2913812191,            23.3188895173,            -1.5196882093,             0.4612812675,             0.1518848414
            -1.3401684459,            19.7046931213,            -0.5440043167,            -0.1679742297,             0.1642429743
             0.4195892098,            23.4841362572,            -0.2535771854,             6.5033863345,             1.3306789987
             1.4307195335,            22.2008146182,            -0.2344577928,            -3.7743963802,             0.3186690017
            -1.3172430047,            21.5641653742,             0.0795508109,             2.7015068448,             0.1594903169
             0.5306151531,            21.7351077382,             1.3374490801,             2.5842514078,            -0.7476691066
             0.0096394966,            21.6863181603,             0.9694153984,             0.3085301765,             0.0365970042
             0.7314046699,            22.5684099905,            -1.1175490022,             2.3626812837,             0.4366191645
            -0.3681113444,            20.1158447193,            -0.7893658862,            -2.4477278386,             0.0820946111
            -0.5908676601,            22.2659340026,            -0.5775174834,             1.9842355444,             0.9691933246
             0.3651228866,            22.9551320362,             1.0987289565,            -1.9868329449,             0.0831363724
             0.0123686775,            21.9348518447,            -2.6820889846,             0.9432059544,             0.2629989359
             0.4105726528,            22.7187573550,            -0.9571279016,            -2.5905576347,             0.4782837792
            -0.3429269152,            21.9343933758,             2.2104038661,             1.9279082432,            -1.0124147275
             1.2305556459,            22.7483385732,             0.3410977375,             2.4164583131,             0.2381242049
             0.8318100137,            21.8465283126,             0.1966819431,            -0.0917568164,             0.3680867343
            -0.5209343908,            21.5468877442,            -1.0375411381,             2.6289125543,             0.5957604633
            -0.2432333318,            22.5825424568,            -0.1712166649,             1.9311472587,             0.1018730848
            -0.6521005289,            21.9236690620,             1.5700434839,             1.8263353043,            -1.4601484323
             0.1364493615,            22.0819080225,             0.8775599334,             1.2338609250,             0.3827459855
             1.1866050807,            23.3527551722,            -1.2019409919,             1.5776701666,             1.6135546286
            -0.1460783788,            22.3104327267,            -1.3323391976,            -1.0150093500,            -0.6913094794
            -0.9730070435,            21.3971392060,             2.7191587887,             3.6581155787,            -0.5519906189
            -0.6507025663,            24.7408736315,             0.1457742536,            -2.3307457608,             0.9825890895
            -0.7981067163,            20.6982434430,             2.3676508586,            -2.1008718776,            -0.7876131551
            -0.0683798749,            21.1492442919,            -2.0165580957,            -1.4209927967,             0.0517786563
             1.0065619844,            22.8354664239,             1.1900164906,            -3.5448705001,            -0.8248007760
             0.5603674397,            22.6003605260,            -0.4797521200,             2.2476273934,             0.9883095085
             0.3465276594,            23.8985120118,            -1.5803695916,             1.1158923039,            -0.2733319040
            -0.4613105827,            20.7814560540,             0.3052868251,             2.9378556431,            -1.3966377695
             0.1080105835,            23.0733230042,             0.9610188655,             0.3072000948,             0.2113198974
            -0.8381424552,            21.9887494265,             2.2058712377,            -0.1441665816,            -0.5217894169
            -0.9604209856,            21.7361354405,            -1.8929610247,            -2.5120277971,            -0.3656118390
            -0.5037416123,            20.9419357421,             0.7969622395,            -1.9167335068,            -0.3033007810
             0.9816702160,            22.0921836761,            -0.5076094756,             0.1474538581,             0.2143748537
             0.9349165684,            22.3818492474,            -0.0804062736,            -3.8099043988,            -0.2011498779
            -1.2514726118,            21.2482526183,            -0.4236129794,            -0.4504544734,            -0.1646901850
            -0.9429522767,            21.5721956310,             0.8226916434,            -0.4638596961,             0.7109254063
             0.1396685425,            21.9655294177,             0.3356798399,            -3.1445893443,            -0.2777876434
             0.2847004859,            21.0075414515,             0.5666769529,            -3.5410352218,             0.6182724708
             0.3037029542,            20.9726467292,            -0.9653729449,            -2.2988440287,             0.2368083097
            -0.5129809220,            22.9963569647,            -1.3329617264,            -5.2043276911,            -0.2584632473
            -1.2031969601,            21.4052637991,            -1.3717329962,            -2.7622726857,             0.0650641325
             1.1606877798,            21.3710587153,             1.6414477638,            -0.4804607804,            -0.1459765373
             1.1466228217,            23.1274619109,             2.5632548236,            -5.2755877979,            -0.8230564348
             0.1451473024,            20.1916676980,             1.9316013268,             3.9791995706,            -1.8796172898
             0.6811675351,            21.3661366570,            -2.2674003129,             0.5307438532,             2.2753798558
            -0.7417640291,            21.4362858008,            -0.1197342390,            -0.3739616222,             0.4250602743
            -1.0124483764,            21.2664730911,            -0.7466745567,            -2.2482061112,             0.9906026359
            -0.0127261486,            22.3020301376,            -0.2305447009,            -1.8652393496,            -1.2283933916
             1.0222426718,            21.2396611202,            -1.6908434440,            -2.2685537993,             1.0517323836
             0.8473131324,            21.7954855971,             0.6724257542,            -2.5346976694,             0.9881863698
            -0.0636829793,            22.6638293687,             2.7144889283,            -0.8593537783,            -0.9388616971
            -0.2833083616,            21.1252369055,             0.2921255907,            -1.1376901486,            -0.4927045070
             0.3666817905,            21.1256832267,             1.0525388035,            -0.0845627149,            -0.3055427564
             0.6675700383,            22.5744132328,            -1.4096817095,            -0.3638294883,             0.6408446375
             0.2024067554,            22.8376987929,            -2.6110575115,             2.7014963627,             0.1390614953
             0.7189180056,            21.4179441855,            -0.1135559346,             2.1841600568,            -0.4774750452
            -1.0692890823,            22.8644879876,             2.7973217377,             3.8618355372,            -0.4292727244
            -0.4906275994,            21.1191149578,             1.7196538920,             0.7134279511,             0.1107137144
            -0.2944618129,            20.4151449816,            -0.5116681446,             2.1735307055,            -0.2167681560
             1.2871071210,            20.9906007401,            -0.1311225496,             2.3792503189,            -1.2334432499
            -0.6236082900,            20.4431253835,            -0.4699002335,            -1.6487815086,             0.7973079738
            -0.8093295791,            20.7210834923,             0.1653932059,             0.6546509466,            -0.2399364240
             0.5791225948,            21.2124180021,            -0.0381246818,            -0.8477640091,             0.4449252742
             1.3620579669,            22.0338106417,            -3.2191952238,             2.4660093686,             1.1331793836
             1.4519983045,            22.2666449100,            -0.9558821531,             2.7064768399,            -0.8107743422
            -0.5624719694,            22.0146100994,            -0.7576307605,             2.1233691002,             0.8861625855
            -0.7701173781,            22.6572563934,             2.9017632915,             2.8888036859,            -1.9788568681
            -0.0172685415,            22.1265975815,             0.2943571809,             2.1892660192,             0.2163075613
             0.5709833942,            22.2169726851,            -0.9648110355,             1.0966645937,            -0.2143967067
            -0.3275823044,            20.4245063448,            -2.6739835253,            -1.1829969045,             0.5618368394
             0.5510773115,            22.0470705072,             1.2868912778,             1.5531549248,            -0.7612634974
             1.1163752259,            21.7914521113,             1.2073028664,            -1.5433590975,            -0.2196972618
            -0.1569150408,            20.5337413481,            -0.1079454224,            -1.3999359001,            -0.0383298230
            -0.6827460410,            20.8932259036,            -0.1176957215,             0.6734283316,             1.3043016269
            -0.6933518074,            21.2692021235,            -1.2745813414,            -1.7113238131,             0.9134078346
            -0.9808385778,            22.5145918322,            -2.8120846211,            -3.3668182007,            -0.6981596590
             0.6041266929,            21.3864027194,             0.1304605273,            -1.6192620151,             0.5747242039
             0.6252899504,            22.8893906167,             1.1764544311,            -1.3562800645,             0.6298173469
             0.2134684278,            21.8948252690,             4.3907944549,            -2.5170949033,            -0.7707210908
            -0.1274287037,            22.6049711752,            -1.4752613104,             3.8216590090,             1.1853622679
             1.1310413197,            21.5111490085,             0.5550371217,             0.0204036837,            -1.0418576209
            -0.3843247005,            20.4316771126,            -0.5084596897,             2.0235628430,            -0.7572341745
             0.2471372273,            22.9002326271,             1.1360726937,             3.0957480753,            -0.1412759217
             0.0708624366,            20.8782383000,             0.2217881330,            -1.2720286578,            -0.0558360444
            -1.7551836319,            22.5541251898,            -3.4808673095,            -1.3062642102,             0.9326803372
            -0.8337022011,            22.2889810838,            -0.4446346192,            -0.7549482650,            -0.0065864265
             1.0546183948,            22.7958700152,            -0.4951571057,            -1.8996935800,             0.1114103002
             1.2478309349,            23.2017328445,             1.3911810914,            -1.6635647197,             0.2093484877
            -0.4223486975,            21.3564205140,            -0.4049562749,            -1.1385068968,             1.9180130428
            -1.1139435601,            21.6950041402,            -0.0158868040,            -1.5612541463,            -0.4318850044
             0.1847675401,            20.2938160860,            -1.5687439374,             0.9706739433,            -0.5264069653
             1.3468798430,            22.2603195051,             0.1821740345,            -2.1392110341,             0.2048767034
             0.4443478721,            22.6878605777,            -0.5021233769,             1.5140744518,             0.2254156239
             0.3791975507,            21.6794527641,             0.5477499810,             3.9001125671,            -0.2346400499
            -0.8043727872,            21.7427542280,             2.2805282506,             2.1241160115,            -0.7865616658
            -1.1532815592,            22.1039039256,             0.9297401413,             4.2816871410,            -0.2795728867
            -0.1945676868,            22.3720233243,            -1.3874340869,             1.6754605271,             0.2985600804
            -0.3604166784,            21.0022724655,            -1.1911089759,            -1.2679023636,             0.3495338860
            -0.0944908296,            22.0994743496,             0.4800492464,             0.5823687486,            -0.1367463651
             0.4511666643,            20.6852291650,             2.6260995683,            -0.1515377894,            -0.6430458544
            -0.6239537694,            22.3226649302,            -3.5765634577,            -4.6371712843,             1.3044587449
            -1.0045373926,            22.3391383841,            -0.7647349782,             0.9246274027,            -0.1953976130
             1.4417895003,            21.3177675838,            -2.6906357661,             1.8095324461,             0.6439398141
            -0.0149350149,            23.1390682778,             0.5990279261,            -1.3995490180,             0.9930425786
            -0.4624986439,            21.9901829522,             1.4558346538,             3.7139037361,            -0.9418381180
            -0.1821435026,            22.6321238989,             1.5337760309,            -2.6349494732,            -0.9755876119
            -1.1678814016,            21.8612923647,             1.2771327414,            -0.6144728600,            -1.5218597322
             0.3276502740,            21.7555533787,            -1.3631071533,            -0.6084360737,             1.0326540636
             0.0529323462,            21.1947765907,             0.4779794291,            -0.4779897224,            -0.6810285840
             0.9095103185,            21.1682632288,             0.4152293906,             2.2183183111,            -0.6580820478
            -0.2626382733,            21.4566994497,             1.1074008498,             1.8305409902,            -1.0699482963
            -1.1127687662,            20.7406897296,            -1.8768384723,             0.3939945277,             2.3485867628
            -1.0325942237,            21.4445714161,            -1.1387621291,             0.8082187553,             0.5803002026
            -0.3580093430,            22.2817203110,            -1.2332875595,            -2.9090401440,            -0.7721664704
            -0.8600549923,            22.1881744970,            -1.5781101235,            -5.1760854855,             1.0146440913
             1.1577173498,            22.5316226080,             0.8854555921,            -0.0028953787,             0.7444638069
             1.1627598901,            22.4870068538,             0.5583195261,            -3.8037969391,            -0.3125554969
            -0.8376425372,            22.1235482637,             0.9590199411,            -1.4253265860,            -0.2708333552
             0.5430331863,            21.4805846809,             0.8070942226,             1.9623819183,            -0.3904722434
             0.9217191707,            22.0502207440,             0.6000076278,            -1.5954336995,            -0.1890516883
             0.3819030535,            20.8130386020,             1.5050166970,             0.6981037802,            -0.0437385998
             0.1683917435,            20.6826027863,            -0.5565028019,             0.3031325598,             0.2258391048
            -1.1336976619,            22.5415992555,            -1.2483653337,             1.4199795966,            -0.1205370830
            -0.2261306673,            21.2330612691,            -1.1974073098,            -1.3198917696,             1.0870171246
            -0.2537029693,            22.0496716144,            -0.1956230775,            -0.7922086491,            -0.2279221387
             0.1609595037,            22.6699504303,             2.4788722303,            -1.8135819867,            -0.4615824893
            -0.0139879902,            21.2050410647,            -0.9064316045,            -0.5754798937,             1.4272442554
             1.1904241417,            21.4416130862,             1.3141185094,            -1.7090389704,            -1.0072321388
            -0.5797180425,            21.1736175909,            -0.5867485130,            -1.0258915970,             0.7397952204
             0.0830165748,            21.8292054645,            -0.6143462780,             0.6845365457,            -0.0627061834
             0.6803388397,            22.6888121296,            -2.0036561973,             2.0366390582,             0.9827106352
            -0.2862855669,            21.7833101306,             1.4730546929,             0.0484115076,             0.4804634757
            -0.7050525227,            21.5780391143,             0.8891563673,             2.6936381861,            -0.5143178194
             0.8576085189,            22.2557156185,             1.4672463589,             0.9059141478,            -1.9519602859
            -0.5661659183,            20.8402426673,            -0.7019182128,            -1.2517015461,             0.6147844585
            -0.2962653144,            20.2601247789,             1.2181995000,            -1.9093968016,            -1.2988931209
            -0.9835341333,            22.4031274902,            -0.8040708817,            -2.1023675882,             0.6441668936
             0.7007924049,            21.1162183007,            -1.2149415428,             1.2774487564,             0.8704121657
             0.4904394355,            21.0785885863,            -1.3518037287,            -1.4690690123,            -0.0565931046
            -0.2252443286,            22.2768683322,             0.7059333517,             1.4222061339,             0.6260812481
             0.2804026051,            22.4560847400,            -1.2708183547,             1.4203180768,             0.2102551551
             0.0801286546,            21.9651166542,            -0.6241423930,             2.8513846086,            -0.3189971184
            -0.0451078614,            22.0234501857,             0.4491098609,             2.0807404700,             0.6220828965
            -0.8598630467,            22.7156039278,            -0.5437672447,             0.2236647028,             0.3831270825
            -1.4139604941,            21.5662363447,             1.8783544190,             0.1613435255,            -1.1887592044
             1.4833077834,            22.4651927990,            -0.3100511919,            -0.8622425445,             0.4419008414
             0.9223231620,            20.8910603790,             2.4276255122,            -3.2461326063,            -0.8866589777
            -0.3674074717,            22.7355513820,            -2.9274035426,             4.2882869394,             1.5847926332
             1.0546680086,            21.6354143867,             2.3067885413,             2.6344942629,            -1.5914485693
            -1.2982903903,            20.8030361877,            -1.7092780011,            -0.2502354567,             1.5622829677
            -0.5075101061,            22.9439430169,             2.0005878345,             2.3232906383,            -0.1531362666
            -0.3810557272,            22.6928424811,             0.2811220132,            -3.6310848878,             0.1291789699
            -0.4275183473,            21.8971926213,             2.1893285297,             0.4032590601,            -1.6174999392
             2.2059681733,            23.4103788949,            -2.1371199691,             3.5095382091,             0.1845918893
             0.9459646091,            22.2294275319,             1.0100903277,            -3.0997660666,             0.1288303867
            -1.9783937437,            22.7485727056,            -2.1379728754,             5.1099975526,             1.6390946347
             1.6619019508,            22.6844321531,             2.6766678639,             5.3968811507,            -1.1907616474
            -1.2484593152,            21.6672250485,            -0.8955830414,            -2.8370630648,             0.5184609073
            -1.9075020755,            22.5466327239,             0.7355304778,             1.7448641332,            -0.4655890399
             0.5524245811,            20.5066454184,            -0.4370732733,            -2.6147445643,             0.1192430845
             0.0829326229,            22.0229073182,            -0.8305460951,            -0.6369027689,             0.5141600039
             0.2122945084,            22.8230412313,            -0.8239842015,            -2.1336983093,            -0.7871202259
            -0.5404426421,            21.9393557203,            -1.6129737007,            -3.5045118707,             1.0666133295
            -0.3815950807,            22.6964553514,             0.9923020860,            -0.0280849343,            -0.3122868164
             0.9318795180,            21.2950132679,             1.4550155450,            -2.5075267720,            -0.4071867757
            -0.1087378760,            21.3768263170,             2.8842653294,            -1.1315267776,            -0.9397099006
            -0.1654308639,            22.1937974295,            -2.0999189899,            -1.5270881578,             1.8684707715
             0.5902525917,            20.6688857265,            -0.2082146490,             1.6143397217,            -0.3773362018
            -0.2229746391,            23.0008410076,            -4.0824627522,            -1.0044520567,             2.2049975328
            -0.9276255680,            22.7972653784,             2.2745826183,            -0.0426535888,            -1.1198860521
             1.2785568919,            21.8632225902,            -0.2426760735,             2.6044745307,            -0.2784109182
            -0.5901056962,            23.6300103811,             4.0049618910,             0.5752431250,            -1.5933476824
            -0.3380094221,            21.3317019966,            -0.1434858963,             0.3642549974,             0.1600200720
             1.6882515677,            22.0710817727,             0.1614728002,            -1.5049804137,            -0.1606568264
            -0.0086921850,            23.2396615967,            -3.8418425554,            -1.3067988579,             3.1539926044
            -0.6129070231,            20.3513049774,             2.1632687339,             1.4546865800,            -0.9842240385
             0.6891173698,            23.8131144718,            -1.3473001511,            -3.1283145013,             1.0029775830
            -0.6842214443,            23.5455327346,             4.0455738660,             1.0169295317,            -0.0865949949
             0.3456551948,            19.7884830969,            -0.8272624500,            -0.8315049886,             0.3654454646
             0.0984826753,            23.1809835593,             1.4633269822,             0.6421665334,            -1.0485218951
             0.6122873042,            20.5599850303,             0.1847863057,             2.2420350981,            -1.0282728018
             0.0555021187,            21.7299990600,            -2.3565325768,             0.8566962492,             0.8602346722
            -0.4316090503,            22.9213154042,             0.4240148598,             3.0080050561,            -0.2373738690
             0.7255421662,            21.2624192826,            -0.5970022884,             1.1102122576,             0.0717034567
            -0.2163866758,            22.6111568509,             1.3091294556,            -0.4058950516,            -0.2235504679
             0.3937316720,            21.4626340649,             0.0753326647,             2.9141759714,             0.4163681397
             0.0774127230,            20.1967837285,             1.9879247430,             0.1399416710,             0.1239840287
            -1.3156057893,            21.6828432942,            -1.3336304074,             0.0249525975,             0.6457369744
            -0.7948175110,            20.6652299212,             1.3516848608,             0.5653394808,            -1.5333728022
            -0.2861629162,            20.8805619858,            -3.0822947258,            -5.4944251220,             1.2677484017
            -1.4296491902,            21.7898853322,             1.2301145225,            -3.3266765286,            -1.4011842455
             0.3506091387,            22.0611626377,            -3.7426654035,            -1.3216775557,             1.9695544106
             0.7844614348,            22.1282797469,            -0.8857008721,            -4.5195896632,            -0.0810202076
             0.5341744918,            22.7623929723,            -1.8175806662,             3.0652596266,             0.4662787301
             0.0257098877,            21.2786861332,             0.4357676782,            -2.3193177853,             0.0830786011
            -1.9437659373,            22.1314232058,            -1.3641554293,            -2.0508098037,             0.0263425335
             0.5703204180,            22.9352406107,             3.0071399669,             2.4664293135,            -2.3810897858
             1.3160789278,            20.4299703596,            -1.0592201905,            -5.8482056109,             1.9560741422
            -1.8738534246,            21.9807080033,             1.5590743729,            -2.6020178727,            -1.4583367031
             0.7458827589,            20.3888399005,            -1.3981084867,             2.9558001655,             0.4832286683
             0.8100411362,            22.1053923962,            -2.5807738260,            -4.8556659809,             0.9923550539
            -0.4109169192,            21.5611761300,            -0.6484108582,             0.9083264958,             0.0125610870
             0.7639706914,            21.8721996607,            -0.8410615980,             0.6681041042,            -0.6159671686
            -0.7630727989,            23.4232677996,            -0.9015517956,            -2.3101254248,            -0.0412178133
            -0.6076945419,            22.5502042498,             0.1147803567,            -0.0808079552,             0.4818289156
             0.3882133871,            22.5160937526,            -0.2204875041,            -0.2471983700,            -0.1966595287
             0.5018182444,            22.8528360966,             1.2571221160,             0.9536924935,            -0.8881940720
             0.3048794723,            20.6225812312,             1.0208706185,             0.5678714811,            -0.1281974476
             0.5861276060,            22.1318108335,             0.8465541377,             0.5635618726,             0.2887711574
            -0.6319593844,            21.6963442727,             1.5343738515,             0.0779285954,            -0.9506289945
             0.3667640078,            20.0760013981,            -0.0718686039,             4.1016370164,            -0.2064832211
            -0.0015060907,            20.7624877093,             0.6473995631,            -0.3889799722,            -0.3701361752
            -0.9025813405,            21.1642894178,            -1.1641435310,            -1.6761876675,            -0.8085325700
            -1.4889147895,            20.7175972577,            -1.3122750581,            -0.3345302435,             0.5153041013
            -0.3778509944,            22.9147793089,            -2.3704326290,            -0.9996475323,             1.7886901453
            -1.6725839348,            21.6443952379,             3.2567279020,             0.9765260348,            -1.5381068603
             1.2095105414,            21.7234193448,            -2.2096668351,             1.7631569298,             0.4186182582
             0.8732389107,            23.4194218517,             1.7921986394,            -0.5582221208,            -0.9498758037
             0.4652775428,            19.8951376947,            -0.9078063417,             3.0578954373,             0.5237756749
            -0.1671863301,            22.4679522444,             3.1784464429,             2.9831805151,            -1.7577750829
            -0.5240450195,            20.8248710590,             0.2338315248,             0.8051331142,             0.3694077862
            -1.1654372051,            20.8572370920,            -0.1459896367,             2.0643416464,             0.9930223515
            -0.5982749284,            21.8824957485,            -1.6752149323,             0.4739482319,            -0.1701936236
             0.2433739976,            21.4824008864,            -0.6122340898,            -2.1232780941,             1.0987673259
             0.0599431276,            21.5758617955,            -0.2359874732,            -2.0353083510,            -0.4927315522
            -0.3495326903,            22.4236588321,             2.1536147410,            -1.4232910243,            -0.9835598370
             0.5126169524,            21.6528565474,            -0.7409290915,            -2.3573127806,             0.6485153019
            -0.6176783670,            21.9980590588,            -0.3025496090,            -1.9479480153,            -0.0700760090
             0.4353769023,            21.2397441189,            -0.8643571193,             0.2926457990,             0.1308213994
             0.4382526245,            22.3167087032,             0.4721487185,             0.2415506885,             0.6858168696
             0.0722984292,            21.8228746756,             1.3786190566,             0.1460920399,            -1.0467627386
            -0.6585944850,            21.1102070298,             0.9946647813,             0.7488373867,             1.2150278940
             0.6873375672,            21.7308649136,            -0.8863635858,             3.6797109310,            -0.1857599236
             1.3914329766,            21.4195954601,             0.9962671110,             2.2527822856,            -2.0419206337
            -1.5844118239,            21.3224425669,            -0.4213882241,             0.7984196199,             0.5489293136
            -0.0336076015,            20.9125235917,             0.7014985419,            -2.3282805710,             0.1169918277
             0.9872400389,            21.7723914759,             2.6529981597,            -1.8968529723,            -1.3389029483
             1.0743515193,            21.7793268649,            -2.5437307350,            -5.8229253589,             1.5481990622
            -1.1722269495,            21.3135218442,            -0.1374630122,            -3.7181603000,             0.0379347364
             0.5725160478,            22.7481437561,            -1.6433538436,             3.5282944097,             0.5260575555
             2.1573633336,            22.6269116338,             1.3349599419,            -2.7559789629,            -0.3008297101
            -1.1806882907,            21.3230300597,             0.9780666215,             1.0851084625,            -0.0024133467
             0.0258019103,            22.4064648221,             1.7540288428,             5.1788970568,            -1.5064805172
             0.2081393168,            21.8405405544,            -0.9181331863,            -1.1779050381,            -0.4011111308
            -1.4235181378,            21.2631809377,            -1.2900409371,             0.0648619605,             0.3812859141
             0.5076439138,            21.3369909503,             0.8333456505,             1.3969918363,             0.1795337374
             0.2310458924,            21.3352686985,             0.4974937571,            -0.7847237036,            -0.2231810896
             0.5642924502,            21.0545740307,            -0.4311862469,             2.0384515590,            -0.3779582720
            -0.1062328279,            21.6139249124,            -1.6165277501,             1.2188105842,             0.1700965109
             0.1092556504,            21.5739342823,             0.0469487445,            -0.3188913479,            -0.0300407696
            -0.5686914375,            22.2624806613,            -1.6724927308,             1.7971724839,             1.5298864141
             0.1844352740,            21.6566051863,             1.3424188723,            -0.3114138273,            -0.0439556285
            -0.1688952470,            21.6220445667,            -0.1696144420,             1.9684807478,             0.4088726122
             1.2053949626,            24.2493036999,            -1.7566848723,             1.1141479320,            -0.4679672948
             0.4140160691,            21.6233714405,            -0.4847470544,             0.0625888652,             0.2477746077
            -0.4065044441,            22.5033222821,             0.6850657857,             2.5364912868,             0.2584768565
             1.9904559669,            21.0253685314,             0.9352449836,             1.8818372315,            -0.6171481425
             0.6160634189,            21.2498582658,            -1.4282482955,            -0.3272884088,             1.3987320331
            -0.6454628558,            20.6495472243,            -0.8587922657,             4.0915196148,             1.0229250392
            -0.3512533583,            20.1838121052,             0.2143577702,             1.0433260416,            -1.4490590420
            -0.0768375856,            22.7314068986,            -2.6645619691,            -0.8886930316,             1.2740558106
            -0.9650874684,            21.7896838592,            -1.6897865259,            -2.3609007469,             0.6677681196
             0.2217876941,            21.9740364152,            -0.3787420395,             1.4913453414,             0.4725962791
             1.4266769091,            23.9598053993,             1.4149318048,            -2.4465679247,            -0.0964158398
             0.1746030054,            21.0235890296,            -0.3482196659,            -0.6220964679,             0.1595187818
             0.6470421358,            22.9773912560,             1.0940757585,             3.1743428227,            -1.3667875905
             0.2659812254,            21.8237158062,             1.9223990734,             1.6297799778,            -0.5579038029
            -0.2709440662,            22.1243539648,            -1.0286310376,             3.6870934557,             0.6115069502
             0.2981356813,            22.4101742917,            -0.2967147632,             2.8063147840,             0.0964688553
             0.1883644129,            22.5126127164,            -1.1133620198,             0.8337969460,            -0.0204898507
            -1.0160370805,            21.3542821101,             1.9739701229,             1.3349190827,            -0.1496505475
            -0.5847180791,            23.2186360773,            -1.0623452072,             1.1021207205,             0.8413552906
             0.3263317408,            21.3506277538,             2.2641860192,            -0.6735870656,            -1.4479900970
            -0.4537991922,            22.0680090381,            -2.4820691331,             0.6340977145,             2.4212775744
             0.0636849412,            23.6040053420,             0.0106511543,            -0.8470055717,             0.1462150054
            -1.2585460024,            20.7584848293,            -1.0723134690,            -1.7813291129,            -1.2194667646
             1.1309461222,            22.6557410006,             1.0629033247,            -1.1797302889,             1.3564261992
             1.5174789914,            22.7031408453,            -1.3391128157,             3.3711364348,             0.5271063953
            -1.3675776491,            21.7115299172,             0.0253035849,             2.3196804784,             0.1588739556
            -1.5011210201,            23.2218161068,             2.3784361781,             5.5037569604,             0.1423463037
             0.7041262048,            21.2104595100,             0.5804454613,             1.2547157085,             0.0700271284
            -0.5966162736,            20.9790987631,             0.2940901028,            -3.1991860486,            -0.1009571867
            -1.5295297345,            20.7276717843,             1.5661130235,             0.4138974037,            -1.6008417907
             1.4485157749,            21.4978752115,            -1.1913541767,             0.9131268127,            -0.3588490330
             0.6271439382,            22.0928605505,            -0.3165695187,            -5.2437604354,             0.1858639732
            -0.8973071911,            21.5770048932,            -2.2774507002,             2.0858176113,             1.0584702146
             1.1106436309,            23.1698132607,            -0.5981463848,            -0.4139720308,             1.4198236502
            -0.2312995576,            21.3298241060,             0.1428754009,            -2.1922532869,             0.1590129998
            -0.7339024056,            22.4909628008,            -0.3518186523,            -1.4447873805,             0.6255604974
             0.1877838664,            22.8992220658,            -0.8309937103,            -0.8893072559,            -0.5397665220
             0.7352466683,            22.6771336090,            -1.7766133313,            -2.9328599975,            -0.2184277666
            -0.0255723873,            21.6380641991,             2.4537579082,            -1.2522223153,            -0.1720196322
             0.1149535843,            23.7083752681,             0.3316680381,             0.0761165461,             0.0973095669
             0.3133966089,            21.8266302205,             2.0092754253,             1.3717747230,            -1.3897499034
             0.1349141715,            21.4602664879,            -2.1572899582,            -0.9443128177,             0.7770652279
            -0.6798103764,            23.4010698269,             1.8143481100,            -0.2816335129,            -2.0902961609
            -0.6643102759,            20.1388326750,            -0.9142466119,            -0.1980251920,             0.4712519215
             0.0310955911,            22.1609110859,             0.8876738742,            -0.3024891286,             0.4329181488
            -1.6848202643,            23.2249402949,            -1.8962467106,            -3.4288005679,            -0.5206635416
             0.9942211573,            21.8618369971,             1.0649387585,            -2.1704556793,            -0.1380565236
             0.6655150363,            24.2715564732,             2.4891925086,            -3.6605743551,            -1.0776783662
            -0.0386611931,            22.7426468438,             0.8930883485,            -0.9704417333,            -0.6065687102
            -0.0073199278,            20.1362246301,             0.0262262752,             0.4268649411,             1.1373160585
             0.8646214703,            22.4671746179,             0.0029598642,             4.8040095424,            -0.0243256744
             2.3969331160,            22.9289638995,            -2.9040351487,             3.6230243464,             0.2567503772
            -0.5177794821,            21.3967513484,            -1.7178874359,             3.5741995226,             0.3143862459
            -0.8573755090,            22.5725815537,             1.0797653581,             1.3724669052,            -0.1068210478
            -1.4475849713,            21.8194770767,             2.2093476307,            -0.1919935655,            -0.8120238617
            -0.2687829615,            20.7174947568,             1.9392650024,             0.7108998918,            -0.9735774164
             0.7945515032,            20.5933171706,             0.6205211526,            -2.1434859932,            -0.1291672086
            -0.0579167640,            21.8191001997,            -1.9427131754,            -3.3859411937,             0.4402896205
            -1.1521724556,            20.7057706335,            -1.4805505607,            -2.8925695825,             0.5521025401
             0.4256639731,            21.1046488199,            -0.0742689628,             0.2847590254,            -0.0311341808
             0.8080925363,            22.5189183715,            -0.5066785514,            -4.8117030269,             0.3249168278
            -0.7047392660,            22.0124042962,             0.3806511507,             1.6517961199,            -0.2069904675
             1.9170714662,            23.1221429410,            -3.8385988822,             5.3754995581,             0.9150709237
            -0.0984626558,            23.0299224340,             0.3841153337,            -1.8904845821,            -0.4647581418
            -0.5960339873,            22.4658095653,             2.3063846895,             4.1617420231,            -0.4806382210
             0.1621867275,            22.5035733094,             2.1917470385,             0.4179222517,            -0.3675384812
            -0.8731311549,            21.4655474682,            -0.2476125738,            -2.9284884714,            -0.6319597362
            -0.0153485745,            21.3682914894,            -0.5579339713,             0.0523642588,             0.3331585030
             1.4919629042,            21.8911374912,            -2.2204466753,            -0.2628982637,             1.2981684781
             0.0657100117,            21.8087720199,             0.7126106582,            -1.1293067170,            -0.8051069720
            -0.1452372353,            21.4959000240,             0.7950882846,             1.5527409860,             0.2254585001
            -0.0318852194,            23.4975760938,            -1.4279223000,            -0.8842544456,             0.9602100022
            -1.4487873805,            21.8317365697,            -0.8764639721,            -2.3880955926,            -0.2368499963
             0.1442905587,            22.5792780221,             0.0836017674,            -3.0707632268,            -0.2844160294
             1.9085695337,            22.9366957817,             3.7340428418,            -4.1187167005,            -0.0679309784
             1.0540962086,            21.6221679669,             1.2963929044,            -1.5550308008,            -0.4149223970
             1.1185617656,            21.6765136407,             0.4048770680,             2.1677492206,            -0.1288143298
             0.8506487276,            20.7591088222,            -1.4894949009,             3.1580472536,             0.7072024009
            -0.3333793637,            21.2673183908,            -0.6344433421,             2.2548429824,             0.0168614844
            -0.8805818853,            21.0597969084,            -0.3926960971,             1.7932785198,            -0.9301086988
             0.6361198076,            21.8768619005,            -1.1680278023,             1.9110280815,             0.4458483700
             0.0222366674,            20.9118002250,            -0.4345013686,            -0.4035727282,             0.8277686536
            -1.0543076861,            21.4302048782,            -1.0284925988,            -1.1157087304,            -0.1824016905
            -0.7812221285,            22.6642089350,            -1.5769442546,            -3.2804546766,             0.2767320701
            -0.2188003270,            21.1222595941,            -0.9738494395,            -2.3279744072,            -0.2720830666
             1.2658869580,            22.9861747516,             2.6922980785,            -4.2729998404,            -0.0349131620
             0.4633786466,            21.8306367183,             1.1038928038,            -1.5426926879,             0.2219883056
