             0.6217118106,             0.0098651308,             0.0268372212,             0.0062003357,             0.0291527708,             0.0098651308,             0.6194760755,             0.0583482002,             0.0056220853,             0.0515986791,             0.0016532679,             0.0031001679,            -0.0646742998,             0.0031169265,            -0.2317104398,             0.0062003357,             0.0056220853,            -0.0036312778,             0.1582909310,            -0.0112628968,             0.0028110426,            -0.0002745927,            -0.2305925722,            -0.0006988830,            -0.0672196826
             0.6428903089,            -0.0183937312,            -0.0057889966,             0.0022020895,            -0.0675079079,            -0.0183937312,             0.5666836128,            -0.0291367186,            -0.0199018600,            -0.0650902021,             0.0209085257,             0.0011010448,            -0.0760084693,            -0.0066903304,            -0.2449458510,             0.0022020895,            -0.0199018600,             0.0050130704,             0.1529986068,             0.0090922537,            -0.0099509300,            -0.0168756970,            -0.2068425030,            -0.0046507387,            -0.0581388433
             0.6157793809,            -0.0481124056,             0.0361169130,            -0.0195232405,             0.0361815917,            -0.0481124056,             0.6095033899,             0.0074208453,            -0.0065596322,             0.0797007376,            -0.0033121555,            -0.0097616203,            -0.0695418358,            -0.0093028492,            -0.2281037355,            -0.0195232405,            -0.0065596322,             0.0295067072,             0.1595719099,             0.0372850765,            -0.0032798161,             0.0263783259,            -0.2249657400,            -0.0054136645,            -0.0641283253
             0.6061750479,             0.0070805636,             0.0752635784,             0.0029402665,             0.0734325236,             0.0070805636,             0.5984075162,            -0.0357796566,            -0.0152665720,            -0.0776873219,            -0.0067177586,             0.0014701333,            -0.0692059099,            -0.0011322330,            -0.2276987504,             0.0029402665,            -0.0152665720,            -0.0093450297,             0.1507775471,            -0.0158380335,            -0.0076332860,            -0.0194836994,            -0.2238149845,            -0.0043787349,            -0.0607365954
             0.6044519891,             0.0046310923,             0.0504997998,            -0.0097665170,             0.0494763404,             0.0046310923,             0.6013217681,             0.0219973218,            -0.0256332684,             0.0805508909,            -0.0123049045,            -0.0048832585,            -0.0759968751,            -0.0092267071,            -0.2291335924,            -0.0097665170,            -0.0256332684,            -0.0230845065,             0.1461848044,             0.0045383931,            -0.0128166342,             0.0243935260,            -0.2275684819,             0.0045847427,            -0.0608563120
             0.6017457401,             0.0098320962,             0.0293577454,             0.0039029997,             0.0287124176,             0.0098320962,             0.5916803486,            -0.0296980713,            -0.0222847910,            -0.0650770766,            -0.0108197316,             0.0019514998,            -0.0676075233,             0.0053008383,            -0.2265115157,             0.0039029997,            -0.0222847910,             0.0007695805,             0.1487227086,            -0.0022941267,            -0.0111423955,            -0.0157380028,            -0.2214788200,             0.0037689848,            -0.0559809391
             0.5951735397,             0.0056149402,             0.0305200744,             0.0046389267,             0.0394617546,             0.0056149402,             0.6119077343,             0.0260509812,            -0.0164912745,             0.0800603965,            -0.0127164773,             0.0023194633,            -0.0691954618,             0.0050951923,            -0.2256041018,             0.0046389267,            -0.0164912745,             0.0045754444,             0.1439653361,             0.0036368043,            -0.0082456373,             0.0293241710,            -0.2339711991,             0.0046258723,            -0.0650955230
             0.5951460895,             0.0210751416,             0.0024504386,             0.0057154788,             0.0240510000,             0.0210751416,             0.6165695529,            -0.0522285802,            -0.0098428252,            -0.0743251035,            -0.0157216933,             0.0028577394,            -0.0700039444,            -0.0022421083,            -0.2205710490,             0.0057154788,            -0.0098428252,            -0.0255593582,             0.1540039916,            -0.0074589869,            -0.0049214126,            -0.0081905223,            -0.2312827807,             0.0068080773,            -0.0696813891
             0.6051046753,            -0.0027017223,            -0.0195027568,             0.0060659239,            -0.0109039617,            -0.0027017223,             0.5834745977,             0.0425938429,            -0.0260374516,             0.0464287408,            -0.0173181233,             0.0030329620,            -0.0796727228,             0.0009461765,            -0.2294196866,             0.0060659239,            -0.0260374516,             0.0045940752,             0.1462653021,            -0.0072543464,            -0.0130187258,             0.0049504109,            -0.2186046478,            -0.0049780343,            -0.0761295877
             0.6032417006,             0.0011156043,             0.0129566984,            -0.0039788060,             0.0610295121,             0.0011156043,             0.6446988245,            -0.0076073115,             0.0168534388,            -0.0163047029,            -0.0156096874,            -0.0019894030,            -0.0786080994,             0.0017185910,            -0.2212789412,            -0.0039788060,             0.0168534388,             0.0023215776,             0.1606838182,             0.0074145362,             0.0084267194,            -0.0063380987,            -0.2420075032,             0.0042650703,            -0.0620310772
             0.6093785711,             0.0287118705,             0.0007137170,             0.0167311539,            -0.0111925795,             0.0287118705,             0.6104148571,            -0.0349465666,            -0.0025949399,            -0.0374250503,             0.0046556783,             0.0083655769,            -0.0739278433,             0.0018911405,            -0.2268775613,             0.0167311539,            -0.0025949399,            -0.0249295894,             0.1556234485,            -0.0340040275,            -0.0012974699,             0.0071263351,            -0.2273957043,            -0.0026460785,            -0.0683230528
             0.5962177027,             0.0197207231,            -0.0321990449,             0.0007729224,            -0.0558062665,             0.0197207231,             0.6548503868,            -0.0499304331,            -0.0007649628,            -0.0234391630,             0.0114211294,             0.0003864612,            -0.0703236218,             0.0020617103,            -0.2222117933,             0.0007729224,            -0.0007649628,            -0.0155973025,             0.1517941161,            -0.0253131263,            -0.0003824814,             0.0136320963,            -0.2515281353,            -0.0027962016,            -0.0758322449
             0.6048992732,            -0.0159484805,            -0.0520044659,            -0.0037384020,            -0.0389647045,            -0.0159484805,             0.5575319991,            -0.0018475475,             0.0194048336,            -0.0468866974,             0.0031825361,            -0.0018692010,            -0.0719951798,            -0.0047866215,            -0.2286747092,            -0.0037384020,             0.0194048336,             0.0063752374,             0.1475498548,             0.0376795328,             0.0097024168,            -0.0243887760,            -0.2049910722,             0.0108655261,            -0.0723711755
             0.5988280176,             0.0082603127,            -0.0382255427,            -0.0023731023,            -0.0130588167,             0.0082603127,             0.6282680486,             0.0957409706,             0.0141835478,             0.0910224687,            -0.0054915891,            -0.0011865512,            -0.0608111282,            -0.0000761934,            -0.2246583229,            -0.0023731023,             0.0141835478,            -0.0084126994,             0.1495113717,            -0.0299120961,             0.0070917739,            -0.0035458021,            -0.2393783384,            -0.0108258917,            -0.0759444551
             0.6234576562,            -0.0049649215,            -0.0454475934,             0.0112083490,            -0.0297106773,            -0.0049649215,             0.5931099788,            -0.0146939759,             0.0104865064,            -0.0836994387,            -0.0026252048,             0.0056041745,            -0.0512807583,             0.0029104655,            -0.2345598346,             0.0112083490,             0.0104865064,             0.0107858525,             0.1543379869,             0.0245116385,             0.0052432532,            -0.0288985569,            -0.2193859960,             0.0097733585,            -0.0583577577
             0.6338117436,            -0.0040555692,            -0.0202654045,            -0.0068869214,            -0.0063409444,            -0.0040555692,             0.5711243504,             0.0134811327,             0.0076526670,             0.0623080358,            -0.0031358965,            -0.0034434607,            -0.0589464218,             0.0038275807,            -0.2400563877,            -0.0068869214,             0.0076526670,             0.0117107306,             0.1536989683,            -0.0126972687,             0.0038263335,             0.0209699908,            -0.2087126910,            -0.0083764190,            -0.0609582497
             0.6349138437,            -0.0045208209,             0.0061061737,             0.0142705414,             0.0088605453,            -0.0045208209,             0.6066088060,            -0.0158607494,            -0.0011296342,            -0.0675655090,            -0.0019420029,             0.0071352707,            -0.0680359170,             0.0003403270,            -0.2369723682,             0.0142705414,            -0.0011296342,             0.0052014749,             0.1609691072,             0.0146461055,            -0.0005648171,            -0.0187171091,            -0.2228198494,             0.0050626423,            -0.0770436406
             0.6337060565,             0.0048178041,            -0.0161186916,            -0.0149991281,            -0.0219978305,             0.0048178041,             0.5730802672,             0.0141804695,             0.0036380138,             0.0491165852,             0.0047585764,            -0.0074995641,            -0.0758669097,             0.0037694502,            -0.2369176757,            -0.0149991281,             0.0036380138,             0.0027210963,             0.1598707051,            -0.0250525550,             0.0018190069,             0.0099684938,            -0.2066047811,            -0.0101173755,            -0.0596774558
             0.6343466963,            -0.0222955916,             0.0514844762,             0.0037551575,             0.0426341300,            -0.0222955916,             0.6068766281,            -0.0425856058,            -0.0042342309,            -0.0530924638,             0.0023080576,             0.0018775788,            -0.0640814216,             0.0038551894,            -0.2398949429,             0.0037551575,            -0.0042342309,             0.0300059705,             0.1545568104,             0.0348398107,            -0.0021171155,            -0.0033758503,            -0.2261599088,             0.0062721096,            -0.0679407925
             0.6270718405,             0.0260094695,             0.0674940708,            -0.0038484251,             0.0396174975,             0.0260094695,             0.5582730882,             0.0151040598,            -0.0117157939,             0.0333932436,             0.0080803897,            -0.0019242126,            -0.0508885212,             0.0028156754,            -0.2356919056,            -0.0038484251,            -0.0117157939,            -0.0203781188,             0.1556880293,            -0.0268537513,            -0.0058578970,             0.0072203794,            -0.2012925295,            -0.0004221409,            -0.0778385249
             0.6256704770,             0.0025080300,             0.0337087649,            -0.0019684852,            -0.0127441320,             0.0025080300,             0.6259253516,             0.0342238302,            -0.0266753720,             0.0396213440,             0.0098887624,            -0.0009842426,            -0.0516433755,            -0.0051608397,            -0.2337525063,            -0.0019684852,            -0.0266753720,            -0.0128297094,             0.1581654643,             0.0043879226,            -0.0133376860,             0.0017145143,            -0.2338799436,             0.0034479763,            -0.0644341810
             0.6331759184,            -0.0000448266,             0.0184884225,             0.0040064516,             0.0106862680,            -0.0000448266,             0.5973107040,            -0.0875150673,             0.0062580563,            -0.0700523660,             0.0070301054,             0.0020032258,            -0.0703545268,            -0.0002773326,            -0.2392006966,             0.0040064516,             0.0062580563,            -0.0005098386,             0.1547745252,            -0.0085131039,             0.0031290281,             0.0107345765,            -0.2212680894,            -0.0042789653,            -0.0670403095
             0.6390050063,            -0.0239677417,             0.0344917225,             0.0161853148,            -0.0338957971,            -0.0239677417,             0.6216678333,            -0.0362317991,            -0.0132143167,            -0.0455136428,             0.0275866014,             0.0080926574,            -0.0872149070,            -0.0070550762,            -0.2389937435,             0.0161853148,            -0.0132143167,             0.0098575894,             0.1610175194,             0.0096816576,            -0.0066071583,             0.0034517355,            -0.2303251570,            -0.0071430421,            -0.0678622610
             0.6292239265,            -0.0266321961,             0.0490120729,            -0.0037444088,             0.0412175719,            -0.0266321961,             0.5982465889,             0.0188873006,             0.0097648763,             0.0132746422,             0.0087796886,            -0.0018722044,            -0.0749179837,            -0.0127914820,            -0.2407555106,            -0.0037444088,             0.0097648763,             0.0010492321,             0.1477129052,             0.0294075888,             0.0048824381,            -0.0046785336,            -0.2252668419,             0.0013876963,            -0.0748906792
             0.6216460958,             0.0388997242,             0.0387491678,            -0.0235780541,             0.0035265473,             0.0388997242,             0.6538362185,             0.0167625266,             0.0001922106,             0.0248827211,             0.0177074156,            -0.0117890270,            -0.0762427508,             0.0118566636,            -0.2286502419,            -0.0235780541,             0.0001922106,            -0.0151863970,             0.1643456120,            -0.0314418675,             0.0000961053,            -0.0077289298,            -0.2447453033,             0.0037289283,            -0.0692814982
             0.6018148918,             0.0047180379,            -0.0133935136,             0.0202291930,            -0.0415448706,             0.0047180379,             0.6146889469,            -0.0248650271,             0.0202651060,            -0.0290963044,             0.0242082315,             0.0101145965,            -0.0868225234,            -0.0098077601,            -0.2272966588,             0.0202291930,             0.0202651060,            -0.0243335582,             0.1472215742,             0.0181655979,             0.0101325530,             0.0079989579,            -0.2337336864,             0.0114418179,            -0.0615378862
             0.6196607768,             0.0133474485,            -0.0489462760,            -0.0012469942,            -0.0865311865,             0.0133474485,             0.6357411518,            -0.0143984485,             0.0087485984,            -0.0001618796,             0.0231667544,            -0.0006234971,            -0.0776040036,             0.0015461784,            -0.2321924024,            -0.0012469942,             0.0087485984,            -0.0102550917,             0.1552759719,            -0.0255018121,             0.0043742992,             0.0064947873,            -0.2402325900,            -0.0060771818,            -0.0809170987
             0.6030989331,            -0.0355385301,            -0.0444311129,            -0.0080492777,            -0.0762331616,            -0.0355385301,             0.6266689842,             0.0154300275,             0.0013875146,             0.0039536268,             0.0165947817,            -0.0040246389,            -0.0709943073,            -0.0105237928,            -0.2287753180,            -0.0080492777,             0.0013875146,             0.0144909445,             0.1455482970,             0.0349427381,             0.0006937573,            -0.0097628392,            -0.2405603436,            -0.0002978960,            -0.0712304788
             0.5869522914,            -0.0063738445,            -0.0340245781,            -0.0155249164,             0.0029943065,            -0.0063738445,             0.6048046248,             0.0249118878,             0.0290447823,             0.0151581561,            -0.0039870512,            -0.0077624582,            -0.0655495332,             0.0015887962,            -0.2157624142,            -0.0155249164,             0.0290447823,             0.0095514368,             0.1554274629,            -0.0119515794,             0.0145223911,            -0.0126393241,            -0.2246885809,            -0.0091627119,            -0.0720425068
             0.5841456880,            -0.0008378233,            -0.0658701808,             0.0171853342,            -0.0347618855,            -0.0008378233,             0.6160310332,             0.0064371025,             0.0081284313,             0.0039757809,            -0.0114899320,             0.0085926671,            -0.0634403276,            -0.0143499094,            -0.2194202947,             0.0171853342,             0.0081284313,            -0.0278619956,             0.1453050986,            -0.0011920089,             0.0040642156,             0.0073620063,            -0.2353629673,            -0.0010149161,            -0.0694844160
             0.5892295685,             0.0086948793,            -0.0821366065,             0.0002458230,            -0.0265424393,             0.0086948793,             0.6052235928,            -0.0184751778,             0.0193087030,            -0.0239609639,            -0.0181427321,             0.0001229115,            -0.0609901822,             0.0059194032,            -0.2235716324,             0.0002458230,             0.0193087030,             0.0031439270,             0.1420863038,            -0.0030853288,             0.0096543515,            -0.0026199816,            -0.2315686445,             0.0028047753,            -0.0753424449
             0.5815626120,            -0.0004447799,            -0.0863082820,             0.0004553735,            -0.0536732383,            -0.0004447799,             0.6239639827,             0.0085155681,             0.0002694176,             0.0376314388,            -0.0161828130,             0.0002276868,            -0.0824977532,             0.0075150025,            -0.2135339055,             0.0004553735,             0.0002694176,             0.0154747850,             0.1544948009,            -0.0084546752,             0.0001347088,             0.0147856221,            -0.2347345909,            -0.0044497275,            -0.0629454889
             0.6106727474,            -0.0314232783,            -0.0220288179,             0.0279355001,            -0.0039375518,            -0.0314232783,             0.6260086663,            -0.0233403767,             0.0127554448,            -0.0555139372,            -0.0026679107,             0.0139677500,            -0.0763964348,            -0.0050276816,            -0.2302085303,             0.0279355001,             0.0127554448,             0.0213679152,             0.1502556868,             0.0216571918,             0.0063777224,            -0.0021190302,            -0.2378764898,            -0.0048830432,            -0.0668111786
             0.6163768613,            -0.0200971859,            -0.0293410419,             0.0082077729,            -0.0104887563,            -0.0200971859,             0.6136926284,            -0.0055533586,             0.0115489380,            -0.0140597179,            -0.0036516738,             0.0041038865,            -0.0714108087,            -0.0128029360,            -0.2312149778,             0.0082077729,             0.0115489380,            -0.0055086862,             0.1539469056,             0.0233245580,             0.0057744690,            -0.0001492932,            -0.2298728614,             0.0016136861,            -0.0660989856
             0.6324746677,             0.0146524154,            -0.0481728152,            -0.0021997090,             0.0097493589,             0.0146524154,             0.6291369988,             0.0504268799,             0.0185811290,             0.0288156328,            -0.0196705226,            -0.0010998545,            -0.0654642725,             0.0045298750,            -0.2404077371,            -0.0021997090,             0.0185811290,            -0.0055926654,             0.1516591935,            -0.0090965948,             0.0092905645,            -0.0119054781,            -0.2387389027,             0.0027779103,            -0.0835356006
             0.6177314866,            -0.0099302815,            -0.0174521192,             0.0002435073,            -0.0418886843,            -0.0099302815,             0.6411509620,            -0.0133508631,            -0.0041682568,            -0.0200144657,             0.0101341541,             0.0001217536,            -0.0727610092,             0.0010370170,            -0.2338685244,             0.0002435073,            -0.0041682568,             0.0120043155,             0.1499944378,             0.0033534544,            -0.0020841284,            -0.0032100477,            -0.2455782621,            -0.0032884136,            -0.0660729373
             0.6046157318,            -0.0122204658,            -0.0104225518,             0.0008158524,             0.0150927351,            -0.0122204658,             0.6497413125,            -0.0461590014,             0.0087196677,            -0.0001628413,            -0.0083978096,             0.0004079262,            -0.0729815863,            -0.0004235383,            -0.2231979810,             0.0008158524,             0.0087196677,             0.0113733892,             0.1582197697,             0.0122036337,             0.0043598338,             0.0234060063,            -0.2457607714,            -0.0000084161,            -0.0659540161
             0.6194351035,             0.0168060129,             0.0396879927,             0.0097915928,             0.0056086960,             0.0168060129,             0.6403815693,            -0.0280620761,            -0.0024036064,            -0.0534588495,             0.0158378452,             0.0048957964,            -0.0848490122,             0.0136893445,            -0.2327408654,             0.0097915928,            -0.0024036064,             0.0105726760,             0.1539533726,            -0.0254604963,            -0.0012018032,            -0.0078025903,            -0.2432140983,            -0.0043272417,            -0.0872212107
             0.6297967932,            -0.0201126200,             0.0427128615,             0.0043530725,            -0.0044451432,            -0.0201126200,             0.6151137591,             0.0794869130,            -0.0072324216,             0.0639267377,             0.0199627915,             0.0021765363,            -0.0884881533,            -0.0134340121,            -0.2395975591,             0.0043530725,            -0.0072324216,            -0.0067554043,             0.1506016749,             0.0228116559,            -0.0036162108,            -0.0056035514,            -0.2322560421,             0.0013495180,            -0.0634619364
             0.6037292873,            -0.0065181284,             0.0341213647,            -0.0155205611,             0.0397245836,            -0.0065181284,             0.6555047882,             0.0330771627,            -0.0071936888,            -0.0071130940,            -0.0063984538,            -0.0077602805,            -0.0776168197,            -0.0043266547,            -0.2266721220,            -0.0155205611,            -0.0071936888,            -0.0021351809,             0.1503850434,            -0.0129319385,            -0.0035968444,            -0.0278554089,            -0.2525598724,            -0.0097250334,            -0.0734430457
             0.5709998537,             0.0030165031,             0.0507373765,            -0.0021127607,             0.0303902889,             0.0030165031,             0.6093558725,            -0.0152184585,            -0.0178761987,             0.0053181071,             0.0012354444,            -0.0010563803,            -0.0732276212,             0.0132159003,            -0.2095229102,            -0.0021127607,            -0.0178761987,             0.0234152976,             0.1519540333,             0.0085909445,            -0.0089380994,             0.0092119024,            -0.2287009196,             0.0058037238,            -0.0574357428
             0.5789019938,            -0.0015975152,             0.0785893056,             0.0038926599,             0.0387560492,            -0.0015975152,             0.6010284595,            -0.0163704885,            -0.0190023229,            -0.0286176523,             0.0104154667,             0.0019463300,            -0.0670226828,            -0.0002298102,            -0.2214375360,             0.0038926599,            -0.0190023229,             0.0011378948,             0.1360269218,            -0.0075037479,            -0.0095011615,            -0.0041772519,            -0.2325007688,            -0.0045506315,            -0.0717126259
             0.5595155419,             0.0046773352,             0.0634300702,            -0.0004656862,             0.0493518869,             0.0046773352,             0.6199217590,             0.0143346721,            -0.0123920853,             0.0401974356,             0.0008430490,            -0.0002328431,            -0.0654851255,            -0.0008662145,            -0.2057914143,            -0.0004656862,            -0.0123920853,            -0.0064097641,             0.1479327133,             0.0052469628,            -0.0061960427,             0.0126985386,            -0.2359945228,             0.0049621490,            -0.0686536831
             0.5915487807,             0.0130659361,             0.0484408985,             0.0299502679,             0.0324572408,             0.0130659361,             0.6286582126,            -0.0081095907,            -0.0073871446,            -0.0451905878,             0.0042982566,             0.0149751339,            -0.0729414499,            -0.0093670406,            -0.2197970390,             0.0299502679,            -0.0073871446,            -0.0318000174,             0.1519547027,            -0.0083607545,            -0.0036935723,            -0.0035653646,            -0.2383517549,             0.0023525908,            -0.0667877981
             0.6079186498,            -0.0100793414,             0.0365210792,             0.0097995614,             0.0564203238,            -0.0100793414,             0.6221253604,             0.0174590395,             0.0011335062,             0.0094132583,            -0.0093828692,             0.0048997807,            -0.0841153608,             0.0057082936,            -0.2292916624,             0.0097995614,             0.0011335062,             0.0214959287,             0.1493353250,             0.0159308686,             0.0005667531,             0.0008768901,            -0.2363950177,             0.0029257636,            -0.0681664277
             0.6363848353,             0.0363003532,             0.0423823222,             0.0022878498,             0.0041021619,             0.0363003532,             0.6438322572,            -0.0163702265,            -0.0118035496,            -0.0055160098,             0.0132383053,             0.0011439249,            -0.0693767779,             0.0086307537,            -0.2378700883,             0.0022878498,            -0.0118035496,            -0.0190388457,             0.1606446586,            -0.0155415783,            -0.0059017748,             0.0065710333,            -0.2415937993,             0.0103793875,            -0.0786655063
             0.6454018404,            -0.0090537346,             0.0239024569,             0.0056464650,            -0.0435864737,            -0.0090537346,             0.6018140864,             0.0119371394,            -0.0153965224,            -0.0121532314,             0.0260462041,             0.0028232325,            -0.0749186790,            -0.0099648460,            -0.2443425554,             0.0056464650,            -0.0153965224,            -0.0108759574,             0.1567167296,             0.0004731094,            -0.0076982612,            -0.0092219529,            -0.2225486784,            -0.0042903126,            -0.0718328570
             0.6306188520,            -0.0217808746,             0.0268701044,             0.0000852902,             0.0399269969,            -0.0217808746,             0.6589196704,             0.0085557600,             0.0008545083,             0.0527956495,            -0.0061011921,             0.0000426451,            -0.0740273117,            -0.0077078174,            -0.2337585198,             0.0000852902,             0.0008545083,             0.0063652399,             0.1631018125,             0.0328143274,             0.0004272541,             0.0221625898,            -0.2479089290,             0.0055167264,            -0.0688492094
             0.6476306197,             0.0139152421,             0.0063563968,             0.0075212353,             0.0325748268,             0.0139152421,             0.5916819786,            -0.0572785567,            -0.0217203531,            -0.0831929503,            -0.0239693915,             0.0037606176,            -0.0731697240,             0.0001187062,            -0.2495611530,             0.0075212353,            -0.0217203531,            -0.0136778298,             0.1485083137,            -0.0051519410,            -0.0108601765,            -0.0091965791,            -0.2215868325,             0.0043816506,            -0.0716430134
             0.6389761308,             0.0084051840,            -0.0103947896,            -0.0227383611,             0.0213998894,             0.0084051840,             0.5901826694,             0.0628051482,            -0.0083784117,             0.0864132326,            -0.0200865454,            -0.0113691806,            -0.0693643468,             0.0025358142,            -0.2429283543,            -0.0227383611,            -0.0083784117,            -0.0033335556,             0.1531194223,            -0.0023977389,            -0.0041892059,             0.0004348616,            -0.2185316236,             0.0030037225,            -0.0759380878
             0.6143411478,             0.0218478688,            -0.0051197663,             0.0047835542,            -0.0175589665,             0.0218478688,             0.6241948497,             0.0302668722,             0.0115323021,            -0.0335200198,             0.0119857512,             0.0023917771,            -0.0560621231,             0.0098764408,            -0.2289758045,             0.0047835542,             0.0115323021,            -0.0020949873,             0.1563895388,             0.0086153022,             0.0057661511,            -0.0295016689,            -0.2339026554,             0.0152315855,            -0.0598047564
             0.6417759670,             0.0073939012,            -0.0169713484,             0.0146430708,            -0.0130615132,             0.0073939012,             0.5900310047,             0.0027759228,             0.0080629234,             0.0028920705,             0.0020765441,             0.0073215354,            -0.0601395387,            -0.0042023609,            -0.2428025934,             0.0146430708,             0.0080629234,            -0.0157986229,             0.1561707803,            -0.0149348501,             0.0040314617,             0.0073796093,            -0.2169301122,            -0.0037704745,            -0.0696503550
             0.6402408061,            -0.0175966704,            -0.0628201050,             0.0006619625,            -0.0456719321,            -0.0175966704,             0.5665100772,            -0.0005578830,             0.0118365363,            -0.0071828193,            -0.0026558183,             0.0003309812,            -0.0559223812,            -0.0056726265,            -0.2407945768,             0.0006619625,             0.0118365363,             0.0062514174,             0.1586516525,             0.0213622844,             0.0059182681,            -0.0029814869,            -0.2039292124,             0.0018828070,            -0.0661114457
             0.6469185506,            -0.0111292008,            -0.0339203553,            -0.0021453628,            -0.0032657023,            -0.0111292008,             0.5915212195,             0.0413665133,             0.0117603043,             0.0430638168,            -0.0094471744,            -0.0010726814,            -0.0622313082,             0.0029307935,            -0.2417024086,            -0.0021453628,             0.0117603043,             0.0169907878,             0.1635137335,            -0.0131296494,             0.0058801521,            -0.0002240297,            -0.2140037430,            -0.0121294251,            -0.0708310850
             0.6371274499,            -0.0115681995,            -0.0045432018,            -0.0066047551,            -0.0086683241,            -0.0115681995,             0.5978141382,            -0.0705172283,            -0.0036273915,            -0.0414870150,             0.0002488654,            -0.0033023775,            -0.0666437410,            -0.0004339631,            -0.2407281512,            -0.0066047551,            -0.0036273915,             0.0107002733,             0.1556711475,             0.0203157039,            -0.0018136957,             0.0112127291,            -0.2210714953,             0.0043737522,            -0.0665144460
             0.6084617818,             0.0087396222,            -0.0139344608,            -0.0044940077,             0.0500219825,             0.0087396222,             0.6320043271,             0.0077993388,             0.0009089404,             0.0188536256,            -0.0315237514,            -0.0022470038,            -0.0667783647,            -0.0080606976,            -0.2270784362,            -0.0044940077,             0.0009089404,            -0.0248610174,             0.1543049094,            -0.0095825213,             0.0004544702,             0.0032801395,            -0.2388497088,            -0.0004214495,            -0.0683413077
             0.6179383886,             0.0268126839,            -0.0478434192,             0.0101912605,            -0.0031734413,             0.0268126839,             0.6442181467,            -0.0497174427,             0.0013100536,            -0.0379895775,            -0.0216799621,             0.0050956303,            -0.0666079484,             0.0072960226,            -0.2283020717,             0.0101912605,             0.0013100536,            -0.0122206387,             0.1613342451,            -0.0013655238,             0.0006550268,             0.0109595628,            -0.2414419508,             0.0127235801,            -0.0722981088
             0.6365943469,             0.0033556661,            -0.0379551235,             0.0013946768,            -0.0331653220,             0.0033556661,             0.5833521135,             0.0077034317,             0.0059292754,            -0.0230439667,             0.0005697370,             0.0006973384,            -0.0841444217,             0.0080459453,            -0.2467431356,             0.0013946768,             0.0059292754,             0.0127362245,             0.1431080758,            -0.0045100822,             0.0029646377,            -0.0146763609,            -0.2201220189,            -0.0005772080,            -0.0773157417
             0.6337623752,            -0.0235083895,            -0.0190366087,            -0.0207238050,            -0.0108010511,            -0.0235083895,             0.6504762635,             0.0696486193,             0.0020321573,             0.0957452824,            -0.0031017002,            -0.0103619025,            -0.0719998189,            -0.0064493283,            -0.2360335140,            -0.0207238050,             0.0020321573,             0.0106097329,             0.1616953473,             0.0073364380,             0.0010160787,             0.0026864290,            -0.2443904581,            -0.0080859757,            -0.0659816581
             0.6155224176,            -0.0213092481,             0.0255301238,             0.0220031231,             0.0357294659,            -0.0213092481,             0.6054243139,            -0.0357818241,             0.0033542078,            -0.0944680255,            -0.0034225672,             0.0110015616,            -0.0693286546,            -0.0056724919,            -0.2280066464,             0.0220031231,             0.0033542078,             0.0099642643,             0.1595091249,             0.0212485832,             0.0016771039,            -0.0183415392,            -0.2229575945,            -0.0000303324,            -0.0527187699
             0.6398522870,             0.0361171523,             0.0269155430,             0.0011589696,             0.0456826433,             0.0361171523,             0.5846121594,             0.0316877311,             0.0221523673,             0.0604292160,             0.0016926335,             0.0005794848,            -0.0682787753,             0.0143234378,            -0.2454527401,             0.0011589696,             0.0221523673,            -0.0074702766,             0.1489468068,            -0.0116507587,             0.0110761837,             0.0149502272,            -0.2178326763,             0.0122331968,            -0.0786293384
             0.6348079483,             0.0258019696,            -0.0203571616,            -0.0099610029,            -0.0816212649,             0.0258019696,             0.6422552112,            -0.0377193732,             0.0008668059,            -0.0317408905,             0.0310654546,            -0.0049805015,            -0.0842679596,             0.0027923052,            -0.2389306194,            -0.0099610029,             0.0008668059,            -0.0202173593,             0.1569467095,            -0.0096835900,             0.0004334029,            -0.0019912601,            -0.2426542509,             0.0080591898,            -0.0515370785
             0.6052129476,            -0.0298984174,            -0.0243766237,            -0.0086495066,            -0.0486550269,            -0.0298984174,             0.6283266561,            -0.0256462795,             0.0130438992,            -0.0109950803,             0.0186611512,            -0.0043247533,            -0.0791959040,            -0.0053049794,            -0.2214639876,            -0.0086495066,             0.0130438992,             0.0192884586,             0.1622849724,             0.0208452790,             0.0065219496,             0.0030008463,            -0.2330208419,            -0.0045265692,            -0.0875353633
             0.6003222332,            -0.0095835125,            -0.0099722798,             0.0004919914,            -0.0168625195,            -0.0095835125,             0.6100056327,             0.0299628118,             0.0278840706,             0.0073754507,             0.0173871552,             0.0002459957,            -0.0748078469,             0.0028538989,            -0.2230669438,             0.0004919914,             0.0278840706,             0.0152913102,             0.1541883456,             0.0172056061,             0.0139420353,            -0.0110476849,            -0.2279086435,             0.0038110468,            -0.0651352799
             0.5761062054,             0.0050143622,            -0.0200787526,            -0.0146617529,            -0.0328816332,             0.0050143622,             0.6416922151,            -0.0066814245,             0.0091573453,            -0.0043808978,             0.0109801130,            -0.0073308764,            -0.0686119278,            -0.0050400300,            -0.2110732070,            -0.0146617529,             0.0091573453,            -0.0150944222,             0.1539597914,            -0.0104030258,             0.0045786726,            -0.0061806131,            -0.2438662118,            -0.0026943318,            -0.0755241098
             0.5851398205,            -0.0018018989,            -0.0357026662,             0.0232557249,            -0.0379348122,            -0.0018018989,             0.6063394517,             0.0179372968,             0.0073407805,            -0.0165809556,             0.0047864633,             0.0116278625,            -0.0681981057,             0.0015625846,            -0.2128550777,             0.0232557249,             0.0073407805,             0.0049270680,             0.1594296650,             0.0109559955,             0.0036703903,            -0.0056312637,            -0.2234548933,             0.0045770483,            -0.0701087396
             0.6316973181,            -0.0118999700,             0.0219991322,             0.0062777217,            -0.0106854114,            -0.0118999700,             0.6182312393,            -0.0182439639,             0.0008787852,             0.0046078730,             0.0167816644,             0.0031388609,            -0.0719207975,             0.0043393509,            -0.2356178088,             0.0062777217,             0.0008787852,             0.0205786719,             0.1604617005,            -0.0007570023,             0.0004393926,             0.0145647793,            -0.2288847694,            -0.0063284861,            -0.0674490352
             0.6226978009,            -0.0050632407,             0.0562557731,             0.0141243021,             0.0235436366,            -0.0050632407,             0.6347215259,            -0.0777149277,            -0.0088096996,            -0.0401517366,             0.0119512184,             0.0070621511,            -0.0665043723,            -0.0005670619,            -0.2331704434,             0.0141243021,            -0.0088096996,             0.0039291170,             0.1563569141,             0.0007367924,            -0.0044048498,             0.0258437466,            -0.2391823059,            -0.0021632241,            -0.0751353939
             0.6416206829,             0.0154026349,             0.0468539483,            -0.0016740224,             0.0307107130,             0.0154026349,             0.5803544533,            -0.0013576635,            -0.0048336274,            -0.0067908014,             0.0056548039,            -0.0008370112,            -0.0642277556,            -0.0017507194,            -0.2462212151,            -0.0016740224,            -0.0048336274,            -0.0189040736,             0.1491782526,             0.0056538789,            -0.0024168137,            -0.0035535801,            -0.2155881003,             0.0105282569,            -0.0762373812
             0.6153423454,             0.0148737109,             0.0147242111,            -0.0132198987,            -0.0152020769,             0.0148737109,             0.6305978701,             0.0871859576,            -0.0173235105,             0.0788037017,             0.0063013888,            -0.0066099493,            -0.0651348856,             0.0016690891,            -0.2300943776,            -0.0132198987,            -0.0173235105,            -0.0115355327,             0.1551535903,            -0.0242001791,            -0.0086617552,            -0.0108010773,            -0.2377221399,            -0.0046632341,            -0.0804603986
             0.6184987771,            -0.0084253668,             0.0021828992,             0.0202691175,             0.0030454575,            -0.0084253668,             0.6227385845,            -0.0160713561,             0.0155900662,            -0.0469912736,             0.0073637540,             0.0101345588,            -0.0706335834,            -0.0107047251,            -0.2352626009,             0.0202691175,             0.0155900662,            -0.0129840834,             0.1479735753,             0.0229922861,             0.0077950331,            -0.0053254000,            -0.2373825046,             0.0072834596,            -0.0534592818
             0.6059165070,             0.0013385336,            -0.0371251923,            -0.0209098266,            -0.0210577241,             0.0013385336,             0.6374352444,            -0.0724555040,            -0.0060036088,             0.0022626742,            -0.0110355385,            -0.0104549133,            -0.0662604108,            -0.0025824949,            -0.2260346096,            -0.0209098266,            -0.0060036088,            -0.0065035235,             0.1538472878,            -0.0148887824,            -0.0030018044,             0.0269041758,            -0.2417939783,            -0.0067751244,            -0.0828738549
             0.5790613455,            -0.0101342043,            -0.0383510112,             0.0127433679,            -0.0162680865,            -0.0101342043,             0.6265046155,            -0.0298435124,            -0.0072317854,            -0.0336522826,            -0.0146573550,             0.0063716839,            -0.0800292292,             0.0101812667,            -0.2133651999,             0.0127433679,            -0.0072317854,             0.0304967378,             0.1523309457,             0.0078483768,            -0.0036158927,             0.0044672988,            -0.2370868349,            -0.0011429138,            -0.0690552955
             0.6090038119,            -0.0202482930,             0.0122447223,             0.0136267620,             0.0258672002,            -0.0202482930,             0.6475234040,             0.0420689974,             0.0028132105,             0.0358524865,            -0.0054046337,             0.0068133810,            -0.0815249314,            -0.0021207588,            -0.2274759286,             0.0136267620,             0.0028132105,             0.0160067754,             0.1540519547,             0.0140638912,             0.0014066053,             0.0037051255,            -0.2467357246,            -0.0030922009,            -0.0777339043
             0.6408524964,             0.0089178661,             0.0214785481,             0.0100448556,             0.0003133125,             0.0089178661,             0.6377473195,             0.0285794510,            -0.0021827790,            -0.0189439020,             0.0094912283,             0.0050224278,            -0.0823360576,            -0.0049674991,            -0.2454599327,             0.0100448556,            -0.0021827790,            -0.0188528644,             0.1499326311,            -0.0340344597,            -0.0010913895,            -0.0187392487,            -0.2439073442,            -0.0125582968,            -0.0686509093
             0.6341090972,            -0.0142254414,             0.0236443826,            -0.0178008479,            -0.0079891753,            -0.0142254414,             0.6246422301,             0.0288448892,            -0.0152139680,             0.0330963592,             0.0082097949,            -0.0089004240,            -0.0726115173,             0.0042879542,            -0.2388879714,            -0.0178008479,            -0.0152139680,             0.0228013499,             0.1563331544,             0.0408657694,            -0.0076069840,            -0.0067746890,            -0.2341545378,             0.0133201640,            -0.0701470277
             0.5979606626,             0.0159364702,             0.0236252728,             0.0052211911,             0.0419958076,             0.0159364702,             0.6172923118,            -0.0289667936,             0.0150771713,            -0.0273560228,            -0.0016466818,             0.0026105955,            -0.0722351109,            -0.0062966675,            -0.2211414487,             0.0052211911,             0.0150771713,            -0.0285298052,             0.1556777652,            -0.0388031109,             0.0075385856,             0.0034159809,            -0.2308072733,            -0.0114333204,            -0.0706761419
             0.5788543976,             0.0004566844,            -0.0512223634,            -0.0154915665,            -0.0402871777,             0.0004566844,             0.6231486917,            -0.0096221438,             0.0146344726,             0.0053879096,             0.0018496435,            -0.0077457832,            -0.0635350977,            -0.0074078381,            -0.2154047987,            -0.0154915665,             0.0146344726,            -0.0152723606,             0.1480448002,             0.0135293264,             0.0073172363,            -0.0002407565,            -0.2375519457,             0.0069930054,            -0.0720090793
             0.6077097096,            -0.0129274888,            -0.0604714791,             0.0324718749,            -0.0361083720,            -0.0129274888,             0.6350108866,            -0.0102884353,             0.0064117296,            -0.0290366905,            -0.0089756888,             0.0162359375,            -0.0646621094,            -0.0056135978,            -0.2249469970,             0.0324718749,             0.0064117296,             0.0017002932,             0.1578157156,            -0.0020672220,             0.0032058648,             0.0068618098,            -0.2385975855,            -0.0074973554,            -0.0695760747
             0.6645071047,            -0.0183142910,            -0.0360478310,            -0.0101232257,             0.0227213729,            -0.0183142910,             0.6107140944,            -0.0049366162,             0.0115576462,            -0.0038047995,            -0.0236057788,            -0.0050616129,            -0.0885345688,            -0.0027960488,            -0.2572417987,            -0.0101232257,             0.0115576462,             0.0127221933,             0.1500235073,             0.0176235293,             0.0057788231,            -0.0044957045,            -0.2303452935,            -0.0003453809,            -0.0739473159
             0.6041712380,             0.0307809736,            -0.0310905417,            -0.0077417251,             0.0034441315,             0.0307809736,             0.6366011419,             0.0281709858,             0.0003391399,             0.0275667586,            -0.0170977666,            -0.0038708625,            -0.0830937135,             0.0180681985,            -0.2206666632,            -0.0077417251,             0.0003391399,             0.0053554234,             0.1628379117,            -0.0230602756,             0.0001695700,            -0.0041729761,            -0.2368816151,             0.0038603490,            -0.0688180845
             0.5943995436,            -0.0198256348,            -0.0162047881,             0.0041070217,            -0.0381006332,            -0.0198256348,             0.6171818451,            -0.0024463399,            -0.0137075417,            -0.0219731924,             0.0040941517,             0.0020535108,            -0.0753610309,            -0.0079272634,            -0.2252264185,             0.0041070217,            -0.0137075417,             0.0039711081,             0.1439467066,             0.0032313362,            -0.0068537708,            -0.0077099154,            -0.2366175693,            -0.0082971493,            -0.0671299472
             0.6076227349,            -0.0390034561,             0.0463736102,             0.0093631126,             0.0440171913,            -0.0390034561,             0.6170602359,            -0.0040285274,            -0.0033812374,             0.0159636534,            -0.0005124093,             0.0046815563,            -0.0700265608,             0.0019590917,            -0.2217210259,             0.0093631126,            -0.0033812374,             0.0429216395,             0.1641806830,             0.0148195824,            -0.0016906187,             0.0146776467,            -0.2264397765,            -0.0120919369,            -0.0743390324
             0.6479717963,             0.0145459040,             0.0831091312,             0.0269899587,             0.0799178584,             0.0145459040,             0.6226977460,             0.0077318848,             0.0006575044,            -0.0212036777,             0.0019243886,             0.0134949793,            -0.0730020296,             0.0028031852,            -0.2480729477,             0.0269899587,             0.0006575044,            -0.0089395337,             0.1518259008,            -0.0103941934,             0.0003287522,            -0.0009728019,            -0.2354359226,             0.0020758553,            -0.0736242126
             0.6773213931,             0.0297129428,             0.0218291866,            -0.0091635600,            -0.0034900174,             0.0297129428,             0.6417607804,            -0.0222125440,            -0.0261640769,             0.0280598898,            -0.0004224364,            -0.0045817800,            -0.0659703878,            -0.0003331233,            -0.2563557798,            -0.0091635600,            -0.0261640769,            -0.0303791895,             0.1646098336,            -0.0098013726,            -0.0130820384,             0.0205544369,            -0.2385754734,             0.0099557851,            -0.0730761945
             0.6424568725,             0.0187058497,            -0.0074598556,            -0.0046507083,            -0.0086394163,             0.0187058497,             0.6091940636,            -0.0273250251,             0.0021689970,            -0.0375888418,             0.0016742788,            -0.0023253541,            -0.0658269304,             0.0048775246,            -0.2402348380,            -0.0046507083,             0.0021689970,            -0.0089508005,             0.1619871965,             0.0182741652,             0.0010844985,            -0.0074572624,            -0.2236034336,             0.0184900075,            -0.0851957797
             0.6387361973,             0.0114456224,            -0.0292393916,             0.0048697086,            -0.0351500023,             0.0114456224,             0.5900340644,             0.0718502643,             0.0064561182,             0.0503149748,             0.0061833644,             0.0024348543,            -0.0700218017,            -0.0016314988,            -0.2417850781,             0.0048697086,             0.0064561182,            -0.0147086201,             0.1551660411,            -0.0249309986,             0.0032280591,            -0.0083327904,            -0.2174340117,            -0.0067426881,            -0.0655388687
             0.6272340899,            -0.0218325255,             0.0155185536,            -0.0154308499,             0.0356568179,            -0.0218325255,             0.6363374386,            -0.0458349165,             0.0049506256,            -0.0468940192,            -0.0075938193,            -0.0077154249,            -0.0654065680,            -0.0003893295,            -0.2336173474,            -0.0154308499,             0.0049506256,             0.0210538666,             0.1599993951,             0.0279068318,             0.0024753128,            -0.0082449763,            -0.2381690218,             0.0030371531,            -0.0670402120
             0.6132991347,            -0.0207596999,             0.0535133183,            -0.0150395783,             0.0119126103,            -0.0207596999,             0.6329069516,             0.0160961143,            -0.0049436032,             0.0463236521,             0.0183285524,            -0.0075197892,            -0.0805533366,             0.0011213218,            -0.2308018778,            -0.0150395783,            -0.0049436032,             0.0230023435,             0.1516953791,             0.0203077610,            -0.0024718016,             0.0075939797,            -0.2406057862,            -0.0002259694,            -0.0648576339
             0.5888221046,             0.0070114416,             0.0540278707,             0.0069280855,             0.0324726477,             0.0070114416,             0.6130591794,            -0.0243341119,            -0.0184170683,            -0.0396642457,             0.0015690774,             0.0034640428,            -0.0708459596,            -0.0027673671,            -0.2227028961,             0.0069280855,            -0.0184170683,            -0.0125461758,             0.1434163125,            -0.0145987447,            -0.0092085341,            -0.0042010241,            -0.2348214335,            -0.0037936515,            -0.0711361641
             0.5902854849,            -0.0037125467,             0.0313345392,             0.0003512254,             0.0518169175,            -0.0037125467,             0.6188202749,             0.0332738193,            -0.0103723865,             0.0466725482,            -0.0154273824,             0.0001756127,            -0.0670197612,            -0.0009589458,            -0.2203664046,             0.0003512254,            -0.0103723865,             0.0017946550,             0.1495526757,             0.0212526441,            -0.0051861932,             0.0068749772,            -0.2346337996,             0.0087700487,            -0.0749269651
             0.5945723835,             0.0173907616,             0.0364886373,             0.0014845170,             0.0379948980,             0.0173907616,             0.6408592546,             0.0111731532,            -0.0109906191,            -0.0215129543,            -0.0062484398,             0.0007422585,            -0.0629900184,             0.0059889991,            -0.2225477987,             0.0014845170,            -0.0109906191,            -0.0054127634,             0.1494767861,            -0.0283666368,            -0.0054953095,            -0.0156007953,            -0.2456912342,            -0.0054879376,            -0.0739973838
             0.6071749867,            -0.0077647968,             0.0281175238,             0.0058520300,             0.0138164824,            -0.0077647968,             0.5783263234,             0.0083673556,            -0.0012972391,             0.0129168673,             0.0065019012,             0.0029260150,            -0.0641274000,            -0.0041627194,            -0.2276356318,             0.0058520300,            -0.0012972391,            -0.0005606420,             0.1519037230,             0.0189523772,            -0.0006486195,             0.0052007708,            -0.2132113002,             0.0055937902,            -0.0670579085
             0.6241282334,             0.0252500351,            -0.0036891871,             0.0094673370,             0.0295728062,             0.0252500351,             0.6213535511,             0.0346968936,             0.0231638201,             0.0196287586,            -0.0050490866,             0.0047336685,            -0.0605792411,            -0.0046822052,            -0.2327600479,             0.0094673370,             0.0231638201,            -0.0346144455,             0.1586081376,            -0.0086939116,             0.0115819101,            -0.0028003990,            -0.2313727068,             0.0082780618,            -0.0764756559
             0.6259395388,             0.0077229905,            -0.0825272985,            -0.0011641898,            -0.0663609941,             0.0077229905,             0.6091751129,            -0.0661187654,            -0.0152687898,            -0.0254400925,            -0.0157175471,            -0.0005820949,            -0.0622251691,             0.0005562676,            -0.2368422168,            -0.0011641898,            -0.0152687898,            -0.0066104553,             0.1522551053,             0.0116109556,            -0.0076343949,             0.0197572415,            -0.2284600038,             0.0096669730,            -0.0719441505
             0.6078877625,            -0.0295843001,            -0.0639146084,            -0.0183073825,            -0.0161230529,            -0.0295843001,             0.6216040913,            -0.0253233866,             0.0032083604,             0.0159944939,            -0.0222915976,            -0.0091536913,            -0.0832948671,            -0.0052937249,            -0.2252779920,            -0.0183073825,             0.0032083604,             0.0189968504,             0.1573317785,             0.0072384098,             0.0016041802,             0.0115052490,            -0.2321361564,            -0.0111729452,            -0.0736658566
             0.6039452090,            -0.0125830895,            -0.0054761036,             0.0054086248,             0.0404686115,            -0.0125830895,             0.6579106529,             0.0070563630,             0.0079944206,            -0.0000475144,            -0.0189751473,             0.0027043124,            -0.0746966077,             0.0000096290,            -0.2273538797,             0.0054086248,             0.0079944206,             0.0126023475,             0.1492374496,             0.0195877127,             0.0039972103,            -0.0008476263,            -0.2543366017,             0.0035023116,            -0.0774731673
             0.6027995569,             0.0299253982,            -0.0209044683,            -0.0143705676,            -0.0090520066,             0.0299253982,             0.6072581625,             0.0255682173,             0.0002694626,             0.0081638743,            -0.0057914996,            -0.0071852838,            -0.0808211943,             0.0065716458,            -0.2231695559,            -0.0143705676,             0.0002694626,            -0.0167821066,             0.1564604450,            -0.0384563966,             0.0001347313,            -0.0158874553,            -0.2253988587,            -0.0042654992,            -0.0639859697
             0.5989401745,             0.0033004262,            -0.0246299600,             0.0054306514,            -0.0433820026,             0.0033004262,             0.6229803908,             0.0756659770,            -0.0088148793,             0.0481263625,             0.0049685817,             0.0027153257,            -0.0670851363,            -0.0023006546,            -0.2203834203,             0.0054306514,            -0.0088148793,            -0.0079017353,             0.1581733338,             0.0152750688,            -0.0044074396,            -0.0110544815,            -0.2324035285,             0.0092877475,            -0.0765426250
             0.6202675596,             0.0070723953,            -0.0309546272,            -0.0029263088,            -0.0034803688,             0.0070723953,             0.6123242900,             0.0598215378,             0.0015988182,             0.0627664997,            -0.0129377201,            -0.0014631544,            -0.0623958066,             0.0012994444,            -0.2304493894,            -0.0029263088,             0.0015988182,            -0.0044735065,             0.1593687809,            -0.0028230852,             0.0007994091,             0.0000093265,            -0.2264777545,             0.0021246551,            -0.0614183355
             0.6423146176,            -0.0032669627,            -0.0043327982,             0.0121834310,             0.0090395958,            -0.0032669627,             0.5872157460,            -0.0072774355,            -0.0100656461,            -0.0604673401,            -0.0117190200,             0.0060917155,            -0.0578891879,             0.0051029181,            -0.2434973319,             0.0121834310,            -0.0100656461,             0.0134727989,             0.1553199537,             0.0102124449,            -0.0050328230,            -0.0205032368,            -0.2159478961,             0.0034727411,            -0.0713380836
             0.6457115472,            -0.0018588020,             0.0111608282,            -0.0047355081,             0.0264909850,            -0.0018588020,             0.5731132915,             0.0324002099,             0.0025935607,             0.0610423609,            -0.0063682980,            -0.0023677540,            -0.0638320471,            -0.0004064173,            -0.2456262461,            -0.0047355081,             0.0025935607,             0.0010459675,             0.1544590550,            -0.0019998069,             0.0012967803,             0.0119533214,            -0.2093271182,            -0.0019293044,            -0.0560775663
             0.6209908411,            -0.0009550657,            -0.0156224231,             0.0023073469,            -0.0179050701,            -0.0009550657,             0.6049405293,            -0.0497762180,             0.0037718951,            -0.0650859516,             0.0030272710,             0.0011536735,            -0.0653436493,            -0.0021207362,            -0.2268636586,             0.0023073469,             0.0037718951,            -0.0032864067,             0.1672635239,             0.0102174395,             0.0018859475,            -0.0065011933,            -0.2188385027,             0.0046311869,            -0.0576564196
             0.6383847190,             0.0055746360,            -0.0167621083,             0.0086750475,            -0.0105625390,             0.0055746360,             0.5706618991,             0.0048621562,             0.0056188119,             0.0186245194,            -0.0002903787,             0.0043375237,            -0.0701823353,             0.0035953134,            -0.2402954923,             0.0086750475,             0.0056188119,             0.0016159908,             0.1577937343,            -0.0027454870,             0.0028094060,             0.0112187053,            -0.2064340824,             0.0014145745,            -0.0676144006
             0.6180829023,            -0.0263747476,            -0.0079241627,            -0.0149525709,            -0.0446234273,            -0.0263747476,             0.6353598721,            -0.0391802182,            -0.0089505325,            -0.0114662365,             0.0138743660,            -0.0074762855,            -0.0750873807,             0.0022164674,            -0.2304072623,            -0.0149525709,            -0.0089505325,             0.0308076825,             0.1572683778,             0.0148906020,            -0.0044752663,             0.0063807054,            -0.2390457471,            -0.0057420728,            -0.0718818064
             0.5838611224,            -0.0349445314,             0.0330713595,            -0.0029665268,             0.0048579436,            -0.0349445314,             0.6025468160,            -0.0357383780,            -0.0080196387,            -0.0296234235,             0.0100968886,            -0.0014832634,            -0.0646010119,            -0.0042843591,            -0.2126309885,            -0.0029665268,            -0.0080196387,             0.0263758132,             0.1585991453,             0.0096813394,            -0.0040098193,             0.0015742138,            -0.2219738353,            -0.0126315960,            -0.0729152084
             0.5939833820,            -0.0209614191,             0.0674783685,             0.0042277993,             0.0571259475,            -0.0209614191,             0.6081643826,             0.0442091763,            -0.0105097197,             0.0175847809,            -0.0000786494,             0.0021138996,            -0.0666996337,            -0.0065955245,            -0.2281122600,             0.0042277993,            -0.0105097197,             0.0077703701,             0.1377588620,             0.0041661598,            -0.0052548598,            -0.0111982980,            -0.2352027603,            -0.0083976297,            -0.0829561727
             0.6194266367,            -0.0013241165,             0.0680228519,             0.0017587472,             0.0576217711,            -0.0013241165,             0.6323510980,             0.0168149018,            -0.0324838979,             0.0072295107,            -0.0110414086,             0.0008793736,            -0.0618487188,            -0.0050575396,            -0.2303274206,             0.0017587472,            -0.0324838979,            -0.0087909627,             0.1587717955,            -0.0104640968,            -0.0162419490,            -0.0039133220,            -0.2367896512,            -0.0058941066,            -0.0638489343
             0.6113753950,             0.0280994188,             0.0404307791,             0.0054632405,             0.0630620345,             0.0280994188,             0.6013376392,            -0.0256884477,            -0.0046454837,            -0.0386382575,            -0.0136383695,             0.0027316203,            -0.0729832655,             0.0133915925,            -0.2326906152,             0.0054632405,            -0.0046454837,            -0.0013162338,             0.1459941646,            -0.0040033182,            -0.0023227418,            -0.0037432846,            -0.2276717373,             0.0120480503,            -0.0674042877
             0.6135324688,             0.0270955399,             0.0315337357,             0.0066538268,            -0.0201701722,             0.0270955399,             0.6077429410,             0.0157116577,            -0.0034184729,             0.0302880951,             0.0241427175,             0.0033269134,            -0.0769147335,             0.0018691053,            -0.2309086234,             0.0066538268,            -0.0034184729,            -0.0233573294,             0.1517152220,            -0.0225234834,            -0.0017092364,             0.0106151321,            -0.2280138595,             0.0022860282,            -0.0707377598
             0.5989985681,             0.0314890488,             0.0165377606,             0.0000111834,             0.0226694821,             0.0314890488,             0.6277334298,             0.0224693295,             0.0041197596,             0.0387093592,            -0.0010059810,             0.0000055917,            -0.0768900240,             0.0096879907,            -0.2210925644,             0.0000111834,             0.0041197596,            -0.0121130674,             0.1568134393,            -0.0269840937,             0.0020598798,             0.0081256065,            -0.2354599952,             0.0022524775,            -0.0638639161
             0.6038530212,             0.0126084761,            -0.0201048808,            -0.0025236516,            -0.0426465742,             0.0126084761,             0.6076377954,            -0.0254208368,             0.0034584226,            -0.0389610052,             0.0130000580,            -0.0012618258,            -0.0762523393,            -0.0000647800,            -0.2272471271,            -0.0025236516,             0.0034584226,            -0.0127380360,             0.1493587670,             0.0093828631,             0.0017292113,            -0.0080319100,            -0.2291395142,             0.0109956696,            -0.0654052831
             0.5941015088,             0.0107442425,            -0.0350833877,            -0.0180742246,            -0.0522203371,             0.0107442425,             0.6071525569,             0.0113304779,             0.0156134746,             0.0456425583,             0.0163752120,            -0.0090371123,            -0.0735969083,             0.0096052947,            -0.2230635373,            -0.0180742246,             0.0156134746,             0.0084663469,             0.1479744341,            -0.0187184189,             0.0078067373,             0.0081189279,            -0.2295890614,            -0.0039870882,            -0.0694808307
             0.5919176443,            -0.0222470623,            -0.0069491876,             0.0166103109,            -0.0360996851,            -0.0222470623,             0.6384654961,            -0.0085747751,             0.0125577265,            -0.0239205533,             0.0208541120,             0.0083051554,            -0.0777757222,            -0.0069482390,            -0.2197410696,             0.0166103109,             0.0125577265,             0.0083505842,             0.1524355051,             0.0273914708,             0.0062788633,             0.0006322663,            -0.2430149955,             0.0025722042,            -0.0586263216
             0.6098694041,             0.0042584451,            -0.0106780128,            -0.0055475968,            -0.0177764624,             0.0042584451,             0.6129575115,            -0.0314473239,             0.0093242203,            -0.0146755544,             0.0082113350,            -0.0027737984,            -0.0696323802,             0.0003948902,            -0.2300162212,            -0.0055475968,             0.0093242203,            -0.0034686648,             0.1498369616,            -0.0231850359,             0.0046621102,             0.0056120864,            -0.2315602749,            -0.0094632954,            -0.0842104475
             0.6108691667,            -0.0168690562,            -0.0070281846,             0.0046755887,            -0.0296595939,            -0.0168690562,             0.6084360329,             0.0410681793,            -0.0140581684,             0.0132036015,             0.0042866205,             0.0023377944,            -0.0670943533,            -0.0043381484,            -0.2237153991,             0.0046755887,            -0.0140581684,             0.0081927593,             0.1634383686,             0.0120978037,            -0.0070290842,            -0.0115944945,            -0.2224988322,            -0.0023856262,            -0.0699276761
             0.6429772189,            -0.0060049768,            -0.0118424518,             0.0070528963,             0.0244499382,            -0.0060049768,             0.6094666122,             0.0314644988,             0.0136165302,            -0.0053089042,            -0.0113379299,             0.0035264482,            -0.0673809647,            -0.0058486530,            -0.2480836974,             0.0070528963,             0.0136165302,            -0.0056923291,             0.1468098241,            -0.0062278767,             0.0068082651,            -0.0148602534,            -0.2313283940,            -0.0061164268,            -0.0727193727
             0.6473220247,             0.0206890606,            -0.0251193986,            -0.0107077410,             0.0178437292,             0.0206890606,             0.5882099425,             0.0338904108,             0.0061591646,             0.0145899076,            -0.0184019816,            -0.0053538705,            -0.0639444455,             0.0042140560,            -0.2417698301,            -0.0107077410,             0.0061591646,            -0.0122609485,             0.1637823644,             0.0007361127,             0.0030795823,            -0.0150041221,            -0.2122137891,             0.0107125866,            -0.0737050611
             0.6183492787,            -0.0013780010,            -0.0461159309,             0.0003869723,            -0.0379469050,            -0.0013780010,             0.5917549076,            -0.0077898262,             0.0046872201,             0.0042101719,            -0.0017409029,             0.0001934862,            -0.0609689725,             0.0009292782,            -0.2324752848,             0.0003869723,             0.0046872201,             0.0032365575,             0.1533987091,            -0.0060243764,             0.0023436101,             0.0061934852,            -0.2191780992,            -0.0037011887,            -0.0587998908
             0.6358947949,            -0.0057993981,            -0.0283209692,             0.0071576774,             0.0080352545,            -0.0057993981,             0.6098574160,            -0.0543078460,             0.0209027193,            -0.0189151090,            -0.0077267522,             0.0035788387,            -0.0675973028,            -0.0012080242,            -0.2391337309,             0.0071576774,             0.0209027193,             0.0033833497,             0.1576273331,             0.0049500270,             0.0104513596,             0.0212752072,            -0.2261150415,            -0.0004246856,            -0.0760463484
             0.6210884580,             0.0011124451,            -0.0226806190,            -0.0024672725,            -0.0273651050,             0.0011124451,             0.6071723896,            -0.0367771862,             0.0026394348,            -0.0128222290,             0.0036619604,            -0.0012336362,            -0.0738344503,             0.0000981466,            -0.2334555315,            -0.0024672725,             0.0026394348,            -0.0009161520,             0.1541773950,            -0.0093407491,             0.0013197174,             0.0107438424,            -0.2264974973,            -0.0041141520,            -0.0715404344
