      0.000000000000,      0.100365833353,     -1.882054820773,      1.613113607712,      0.176820917149,     -1.085117270768,      1.042231271353,     -0.776398963174,      0.690310409281,      0.018705207191,     -0.414220020224,     -0.008786601513,     -0.111785989449,     -0.201894842721,      0.105819911773,      0.190893406017,      0.159819776894,      0.141688280577,     -0.122770418923,     -0.041902391766,      0.000000000000,      0.000000000000,      0.000000000000,      0.000000000000,      0.000000000000,      0.000000000000,      0.000000000000,      0.000000000000,      0.000000000000,      0.000000000000,      0.000000000000,      0.000000000000,      0.000000000000,      0.000000000000,      0.000000000000,      0.000000000000
      0.000000000000,     -0.323752725578,      1.665363002278,     -1.828557897597,     -0.214091565178,      1.100044738475,     -0.934907494933,      0.738255459072,     -0.743417543473,      0.588900239733,      0.016281231836,      0.007756846506,      0.195491750216,     -0.254621495737,      0.119962024756,     -0.064221192874,      0.119948166564,      0.057106924364,     -0.100961789281,     -0.029846688178,      0.000000000000,      0.000000000000,      0.000000000000,      0.000000000000,      0.000000000000,      0.000000000000,      0.000000000000,      0.000000000000,      0.000000000000,      0.000000000000,      0.000000000000,      0.000000000000,      0.000000000000,      0.000000000000,      0.000000000000,      0.000000000000
      0.000000000000,      0.301962510625,     -1.840135964773,      0.094654431753,      1.704234803069,     -0.997324480341,      0.845353833190,     -0.840547719345,      0.867294124134,      0.026223800407,     -0.437542164984,     -0.028833115800,     -0.183643303124,     -0.095447778101,      0.213389439970,      0.140321175539,      0.113850902766,     -0.157106984130,     -0.057504953848,      0.047602056653,      0.000000000000,      0.000000000000,      0.000000000000,      0.000000000000,      0.000000000000,      0.000000000000,      0.000000000000,      0.000000000000,      0.000000000000,      0.000000000000,      0.000000000000,      0.000000000000,      0.000000000000,      0.000000000000,      0.000000000000,      0.000000000000
      0.000000000000,      0.165789031168,     -1.823908823877,      0.185614205872,      1.682665489532,     -0.999075831257,      1.140516726258,     -0.824822512369,      0.632196751730,     -0.506321271020,      0.058254380140,      0.141776130533,      0.000845998039,     -0.229009829243,     -0.099803305041,      0.217264097253,     -0.178356986873,     -0.057051273021,      0.047210095786,      0.032101271320,      0.000000000000,      0.000000000000,      0.000000000000,      0.000000000000,      0.000000000000,      0.000000000000,      0.000000000000,      0.000000000000,      0.000000000000,      0.000000000000,      0.000000000000,      0.000000000000,      0.000000000000,      0.000000000000,      0.000000000000,      0.000000000000
      0.000000000000,      0.226496432700,     -1.722874108253,      1.941426294102,     -1.009170630685,      0.121190360714,      1.045352879095,     -0.749724283116,      0.992817743783,     -0.477256162437,      0.011420885154,      0.020360648848,     -0.118913871280,     -0.238926948094,     -0.148023980641,      0.139436118346,      0.115009023919,      0.054634452586,     -0.044078851918,      0.047189122988,      0.000000000000,      0.000000000000,      0.000000000000,      0.000000000000,      0.000000000000,      0.000000000000,      0.000000000000,      0.000000000000,      0.000000000000,      0.000000000000,      0.000000000000,      0.000000000000,      0.000000000000,      0.000000000000,      0.000000000000,      0.000000000000
      0.000000000000,      0.446397175174,     -1.734256090071,      2.042059344719,     -1.065125104165,      0.110832684134,      1.152632097369,     -0.714750074399,      0.589621027565,      0.007070421150,     -0.458720898539,      0.003647878122,     -0.128970122609,     -0.236052053460,      0.216083723886,      0.086657677589,      0.170588607119,     -0.135764661748,     -0.039387142196,      0.048185526681,      0.000000000000,      0.000000000000,      0.000000000000,      0.000000000000,      0.000000000000,      0.000000000000,      0.000000000000,      0.000000000000,      0.000000000000,      0.000000000000,      0.000000000000,      0.000000000000,      0.000000000000,      0.000000000000,      0.000000000000,      0.000000000000
      0.000000000000,     -0.022332223083,     -1.722887495789,      1.971645800346,      0.023858375950,      1.003308080708,     -0.997837754239,      0.797251230758,     -0.760803895950,      0.516964059823,     -0.012709435432,     -0.342982565128,     -0.021904528396,     -0.102957587654,     -0.154887096556,      0.130933440595,      0.041246881960,      0.053153966725,     -0.103030160984,     -0.046653061435,      0.000000000000,      0.000000000000,      0.000000000000,      0.000000000000,      0.000000000000,      0.000000000000,      0.000000000000,      0.000000000000,      0.000000000000,      0.000000000000,      0.000000000000,      0.000000000000,      0.000000000000,      0.000000000000,      0.000000000000,      0.000000000000
      0.000000000000,      0.109664095221,      2.177132290404,     -1.731240846154,      0.233645933000,      0.965957404634,     -0.958784722087,     -0.832441015915,      0.732007619803,     -0.008930606832,     -0.390600172803,      0.353831126934,      0.108941218688,     -0.040805114909,     -0.094943920295,     -0.163094141714,     -0.140021683227,     -0.064310112854,      0.123096750218,      0.084323616230,      0.000000000000,      0.000000000000,      0.000000000000,      0.000000000000,      0.000000000000,      0.000000000000,      0.000000000000,      0.000000000000,      0.000000000000,      0.000000000000,      0.000000000000,      0.000000000000,      0.000000000000,      0.000000000000,      0.000000000000,      0.000000000000
      0.000000000000,      0.217837393860,      2.189907466219,     -1.634115153275,     -0.037372047840,      1.310287508753,     -1.003718341648,      1.027163419973,     -0.697819268405,      0.000459369231,     -0.373048212459,      0.234544636928,     -0.116124562785,      0.010956688072,     -0.182025207660,      0.147120007095,     -0.110110999972,      0.102584180755,      0.050731137436,     -0.042213047212,      0.000000000000,      0.000000000000,      0.000000000000,      0.000000000000,      0.000000000000,      0.000000000000,      0.000000000000,      0.000000000000,      0.000000000000,      0.000000000000,      0.000000000000,      0.000000000000,      0.000000000000,      0.000000000000,      0.000000000000,      0.000000000000
      0.000000000000,     -1.776161129223,      0.552220175785,      1.872371258124,     -1.128066029427,      0.119661902611,     -0.777441816609,      0.804668500030,      0.883021842146,     -0.504949049359,     -0.005443087709,     -0.273098389680,     -0.153707612240,     -0.012407410473,      0.256066892583,     -0.162436718740,      0.088608473108,     -0.053043226409,      0.038294173321,      0.082734502202,      0.000000000000,      0.000000000000,      0.000000000000,      0.000000000000,      0.000000000000,      0.000000000000,      0.000000000000,      0.000000000000,      0.000000000000,      0.000000000000,      0.000000000000,      0.000000000000,      0.000000000000,      0.000000000000,      0.000000000000,      0.000000000000
      0.000000000000,      1.878062973289,     -0.332584315641,     -0.498767466051,     -1.785535475070,      0.898196229767,      0.837096458336,     -0.900525581392,     -0.812924059287,      0.503919938914,     -0.035434015538,      0.212800145974,     -0.242820336627,      0.076156052842,      0.220248725757,      0.100426109137,     -0.001175216640,     -0.065759233335,     -0.086253490827,     -0.044959833620,      0.000000000000,      0.000000000000,      0.000000000000,      0.000000000000,      0.000000000000,      0.000000000000,      0.000000000000,      0.000000000000,      0.000000000000,      0.000000000000,      0.000000000000,      0.000000000000,      0.000000000000,      0.000000000000,      0.000000000000,      0.000000000000
      0.000000000000,      1.778935815461,     -0.330110745737,     -0.194604338421,     -1.819491859189,      1.020217083210,      0.961349128104,     -0.875587810681,     -0.864392912008,      0.009119711655,      0.382391815206,      0.007684882778,     -0.267578196199,      0.114982844811,      0.203150935171,      0.181073603555,      0.087271822303,     -0.071736791057,     -0.048990093788,     -0.091367549543,      0.000000000000,      0.000000000000,      0.000000000000,      0.000000000000,      0.000000000000,      0.000000000000,      0.000000000000,      0.000000000000,      0.000000000000,      0.000000000000,      0.000000000000,      0.000000000000,      0.000000000000,      0.000000000000,      0.000000000000,      0.000000000000
      0.000000000000,     -2.049850845235,      1.845364453147,      0.196981652621,      0.054001700221,     -1.006232163566,      1.021768781839,      0.902597694026,     -0.792283874225,     -0.371423337391,      0.021225749324,     -0.021428662553,      0.309517903900,     -0.139938628253,     -0.136521501984,     -0.072397305310,      0.058376866218,      0.104340136272,      0.050135207791,      0.097526480723,      0.000000000000,      0.000000000000,      0.000000000000,      0.000000000000,      0.000000000000,      0.000000000000,      0.000000000000,      0.000000000000,      0.000000000000,      0.000000000000,      0.000000000000,      0.000000000000,      0.000000000000,      0.000000000000,      0.000000000000,      0.000000000000
      0.000000000000,     -0.310676313614,      1.967064063946,     -0.097912215041,     -1.650620590030,      0.956106122138,     -1.170305199234,      0.726712330419,     -0.616561391760,     -0.019117880561,      0.466217080629,     -0.052249278162,      0.132735417242,      0.212069294449,     -0.230435483514,      0.206628785944,     -0.066257650492,     -0.094290602434,     -0.048618606775,     -0.062414365233,      0.000000000000,      0.000000000000,      0.000000000000,      0.000000000000,      0.000000000000,      0.000000000000,      0.000000000000,      0.000000000000,      0.000000000000,      0.000000000000,      0.000000000000,      0.000000000000,      0.000000000000,      0.000000000000,      0.000000000000,      0.000000000000
      0.000000000000,     -0.237438488669,      1.877222579011,     -0.040233996921,     -1.545960788563,      0.793170126447,     -0.893124741940,      0.672322138320,     -0.758933899765,      0.647651663497,     -0.070214475392,     -0.037194535308,     -0.234887802439,     -0.113212483098,      0.192435088540,      0.081971258844,      0.139259797530,      0.054039844711,     -0.075604643917,     -0.082064641295,      0.000000000000,      0.000000000000,      0.000000000000,      0.000000000000,      0.000000000000,      0.000000000000,      0.000000000000,      0.000000000000,      0.000000000000,      0.000000000000,      0.000000000000,      0.000000000000,      0.000000000000,      0.000000000000,      0.000000000000,      0.000000000000
      0.000000000000,      0.161923786297,     -0.285490325021,     -1.679865505958,      1.606872497564,      1.116064380662,     -1.051612607924,      0.770116626448,     -0.527880340917,      0.006850283485,     -0.320270621656,      0.011303170742,      0.275370568785,      0.273992757496,     -0.155966767535,     -0.083758316408,      0.066976981993,      0.063615295086,     -0.053951344505,     -0.085988367880,      0.000000000000,      0.000000000000,      0.000000000000,      0.000000000000,      0.000000000000,      0.000000000000,      0.000000000000,      0.000000000000,      0.000000000000,      0.000000000000,      0.000000000000,      0.000000000000,      0.000000000000,      0.000000000000,      0.000000000000,      0.000000000000
      0.000000000000,     -1.690311373103,      0.280078651494,      0.433383615542,      1.505451206481,     -0.787846273186,     -0.933982328534,      0.807466475417,      1.039902402216,     -0.501937262336,      0.068974448105,     -0.159446900992,     -0.275530254822,      0.124564511814,     -0.145599571119,      0.004225257854,      0.157480910260,      0.075741772711,     -0.028145909404,      0.029657700099,      0.000000000000,      0.000000000000,      0.000000000000,      0.000000000000,      0.000000000000,      0.000000000000,      0.000000000000,      0.000000000000,      0.000000000000,      0.000000000000,      0.000000000000,      0.000000000000,      0.000000000000,      0.000000000000,      0.000000000000,      0.000000000000
      0.000000000000,      1.801061791543,     -0.409755024454,     -1.761577190156,     -0.312145406265,      0.873238751702,      0.842010131661,     -1.031421244418,     -0.675509093466,      0.572418948101,      0.156184033804,     -0.005764148418,      0.248755610731,     -0.235769027764,     -0.023486584693,      0.156472102022,     -0.096415537709,     -0.055251787386,      0.048772548054,     -0.034793366856,      0.000000000000,      0.000000000000,      0.000000000000,      0.000000000000,      0.000000000000,      0.000000000000,      0.000000000000,      0.000000000000,      0.000000000000,      0.000000000000,      0.000000000000,      0.000000000000,      0.000000000000,      0.000000000000,      0.000000000000,      0.000000000000
      0.000000000000,     -1.849544048751,     -0.000123466524,      1.693124758502,      0.228970543874,     -1.070773003227,     -0.765048705668,      0.879017562639,      0.639645453336,      0.040218476003,     -0.452180356102,      0.387270701811,     -0.192640091606,     -0.096588955525,     -0.007396002601,     -0.158794625658,      0.082560623601,      0.130832021323,      0.088381071854,     -0.038652932145,      0.000000000000,      0.000000000000,      0.000000000000,      0.000000000000,      0.000000000000,      0.000000000000,      0.000000000000,      0.000000000000,      0.000000000000,      0.000000000000,      0.000000000000,      0.000000000000,      0.000000000000,      0.000000000000,      0.000000000000,      0.000000000000
      0.000000000000,      0.135152119986,     -1.887132972064,      0.237668347787,      1.484121762030,     -0.855819198593,      0.847921291684,     -0.817244926410,      0.753448566124,     -0.541153976799,      0.304591391503,      0.023383581605,     -0.238415809637,     -0.190470674549,     -0.074583537056,      0.043722364363,      0.122819698355,      0.106886591271,     -0.031418097206,      0.044297456131,      0.000000000000,      0.000000000000,      0.000000000000,      0.000000000000,      0.000000000000,      0.000000000000,      0.000000000000,      0.000000000000,      0.000000000000,      0.000000000000,      0.000000000000,      0.000000000000,      0.000000000000,      0.000000000000,      0.000000000000,      0.000000000000
      0.000000000000,     -0.047130394737,      1.730569265032,     -1.720736121774,      0.181990506472,     -0.913254678073,     -0.677678565708,      0.904407532076,      0.632708077964,      0.042910867682,      0.400709314227,     -0.448395682982,     -0.112519830312,      0.212684231171,      0.026870375594,     -0.215658789333,      0.097038070213,     -0.129500433435,     -0.034087900191,      0.074004154463,      0.000000000000,      0.000000000000,      0.000000000000,      0.000000000000,      0.000000000000,      0.000000000000,      0.000000000000,      0.000000000000,      0.000000000000,      0.000000000000,      0.000000000000,      0.000000000000,      0.000000000000,      0.000000000000,      0.000000000000,      0.000000000000
      0.000000000000,     -0.108563489935,     -1.957055043227,      1.719761141306,     -0.120311787576,      0.999318282522,     -1.041748869311,      0.735757173638,     -0.827719232482,      0.001129908782,      0.361186403936,     -0.335181871562,     -0.016083745292,      0.107984917313,     -0.098480766857,      0.183629987495,      0.174296066187,     -0.154339698596,     -0.093111837237,      0.028455254097,      0.000000000000,      0.000000000000,      0.000000000000,      0.000000000000,      0.000000000000,      0.000000000000,      0.000000000000,      0.000000000000,      0.000000000000,      0.000000000000,      0.000000000000,      0.000000000000,      0.000000000000,      0.000000000000,      0.000000000000,      0.000000000000
      0.000000000000,     -0.529820047362,      1.534354664752,     -2.110617968155,     -0.275878860420,      0.954191080514,      0.788762303852,     -0.904466235990,     -0.842467527598,      0.590457271770,      0.085769092268,     -0.084276307953,      0.010109639683,      0.177594168106,      0.159832538421,     -0.220048780538,      0.094992943866,     -0.136278081624,      0.067405227702,     -0.036284852150,      0.000000000000,      0.000000000000,      0.000000000000,      0.000000000000,      0.000000000000,      0.000000000000,      0.000000000000,      0.000000000000,      0.000000000000,      0.000000000000,      0.000000000000,      0.000000000000,      0.000000000000,      0.000000000000,      0.000000000000,      0.000000000000
      0.000000000000,      0.333981606079,     -1.977074524337,      0.393225280452,      1.544942198661,     -1.140942377438,     -0.920448268068,      0.869323643105,      0.639935847520,     -0.690961098744,      0.012397833069,      0.247371928322,     -0.109150790159,      0.027837869683,     -0.166004150278,     -0.154326536903,      0.143603203625,      0.074476736455,     -0.045306505248,      0.035296273350,      0.000000000000,      0.000000000000,      0.000000000000,      0.000000000000,      0.000000000000,      0.000000000000,      0.000000000000,      0.000000000000,      0.000000000000,      0.000000000000,      0.000000000000,      0.000000000000,      0.000000000000,      0.000000000000,      0.000000000000,      0.000000000000
      0.000000000000,     -2.123404402582,      1.623262920230,     -0.334534954316,     -0.217015027895,      0.903466637240,     -0.919297842381,      0.724398832846,     -0.958563550970,      0.078611545125,      0.364114592541,      0.265740612526,      0.133677423039,      0.229728530736,     -0.213246426813,     -0.062439007624,     -0.227878169980,     -0.088415760026,      0.009092276733,      0.049901348132,      0.000000000000,      0.000000000000,      0.000000000000,      0.000000000000,      0.000000000000,      0.000000000000,      0.000000000000,      0.000000000000,      0.000000000000,      0.000000000000,      0.000000000000,      0.000000000000,      0.000000000000,      0.000000000000,      0.000000000000,      0.000000000000
      0.000000000000,      1.595073897441,     -2.340525572343,      0.010797670023,     -0.031908805455,     -1.272305114934,      0.805183115428,      0.915418121227,     -0.900652876752,      0.556978254672,      0.045477477165,      0.103092898640,     -0.091942492392,     -0.237252717557,     -0.004156093706,     -0.117780847235,      0.122304119884,      0.086612374870,     -0.052196180928,      0.057372850781,      0.000000000000,      0.000000000000,      0.000000000000,      0.000000000000,      0.000000000000,      0.000000000000,      0.000000000000,      0.000000000000,      0.000000000000,      0.000000000000,      0.000000000000,      0.000000000000,      0.000000000000,      0.000000000000,      0.000000000000,      0.000000000000
      0.000000000000,     -0.320519732303,      1.600256926825,     -0.217558726451,     -1.819425254505,      1.087020229054,      0.782378324091,     -1.147580397649,     -0.729233701298,     -0.076536185565,      0.400466342367,      0.179121695905,     -0.175395640672,      0.279648534987,      0.238467903578,      0.014319217385,     -0.146916256379,      0.060014924756,     -0.050497816540,     -0.013616143690,      0.000000000000,      0.000000000000,      0.000000000000,      0.000000000000,      0.000000000000,      0.000000000000,      0.000000000000,      0.000000000000,      0.000000000000,      0.000000000000,      0.000000000000,      0.000000000000,      0.000000000000,      0.000000000000,      0.000000000000,      0.000000000000
      0.000000000000,     -0.179404112733,      1.752168991269,     -0.372899150371,     -1.723929232795,      0.994041797551,      0.922368123622,     -1.015240161113,     -0.841662418062,     -0.027112029765,      0.488518866907,      0.126340372927,      0.019603208669,      0.210565063140,     -0.093408255565,      0.091747607979,     -0.183306020822,      0.096278969086,     -0.095000668305,     -0.019793849277,      0.000000000000,      0.000000000000,      0.000000000000,      0.000000000000,      0.000000000000,      0.000000000000,      0.000000000000,      0.000000000000,      0.000000000000,      0.000000000000,      0.000000000000,      0.000000000000,      0.000000000000,      0.000000000000,      0.000000000000,      0.000000000000
      0.000000000000,     -2.078039348631,      0.229735399980,      1.944660474000,      0.020925802415,      0.867885320064,     -0.886087086774,      0.868406255966,     -0.784499207152,      0.028241253351,     -0.477078397282,      0.007966216792,     -0.203103456622,      0.077312702091,     -0.072250919457,      0.187822676025,      0.164172247754,     -0.117571347026,      0.122895479879,     -0.037254790432,      0.000000000000,      0.000000000000,      0.000000000000,      0.000000000000,      0.000000000000,      0.000000000000,      0.000000000000,      0.000000000000,      0.000000000000,      0.000000000000,      0.000000000000,      0.000000000000,      0.000000000000,      0.000000000000,      0.000000000000,      0.000000000000
      0.000000000000,      2.140253650314,      0.190783651335,     -0.180550628356,     -1.749377494396,      1.036441539848,     -0.945465765320,      0.752578030098,     -0.708904914979,      0.587496693346,     -0.317854462937,      0.001666523702,     -0.021834368579,     -0.086826872903,     -0.131753760397,     -0.140726794188,      0.040651796891,      0.059689928432,      0.117474239663,      0.079249867524,      0.000000000000,      0.000000000000,      0.000000000000,      0.000000000000,      0.000000000000,      0.000000000000,      0.000000000000,      0.000000000000,      0.000000000000,      0.000000000000,      0.000000000000,      0.000000000000,      0.000000000000,      0.000000000000,      0.000000000000,      0.000000000000
      0.000000000000,      2.173268613513,     -0.235689019784,     -0.329607574157,     -1.486023824517,      1.006898634705,      0.853065698490,     -0.937721012006,     -0.888253051653,      0.438247864458,      0.309309163014,      0.301602895674,     -0.053271672995,     -0.049607928895,     -0.208938908260,      0.056897287505,      0.051665928053,     -0.054010874195,     -0.077625286748,     -0.035337027185,      0.000000000000,      0.000000000000,      0.000000000000,      0.000000000000,      0.000000000000,      0.000000000000,      0.000000000000,      0.000000000000,      0.000000000000,      0.000000000000,      0.000000000000,      0.000000000000,      0.000000000000,      0.000000000000,      0.000000000000,      0.000000000000
      0.000000000000,      2.253065862616,      0.294011916802,     -1.703157063849,      0.099770569945,      1.173207447620,      0.998513150105,     -0.898441080025,     -0.766270656961,     -0.021573127030,      0.406510545750,     -0.022341523220,     -0.198743445549,     -0.219075876466,     -0.094701062509,      0.059101998128,     -0.080148885028,      0.062435032113,     -0.105600009188,      0.096195584949,      0.000000000000,      0.000000000000,      0.000000000000,      0.000000000000,      0.000000000000,      0.000000000000,      0.000000000000,      0.000000000000,      0.000000000000,      0.000000000000,      0.000000000000,      0.000000000000,      0.000000000000,      0.000000000000,      0.000000000000,      0.000000000000
      0.000000000000,      0.001562437400,      1.891589194280,     -1.893455104425,     -0.216254810521,      0.957352506313,      0.944870118595,     -0.873461333048,     -0.788359830850,     -0.507865604482,      0.006688061453,      0.365124630012,     -0.006511973838,      0.079907762810,     -0.066302452576,      0.083884589115,      0.159906512925,     -0.128831477528,      0.098096624907,     -0.062620657913,      0.000000000000,      0.000000000000,      0.000000000000,      0.000000000000,      0.000000000000,      0.000000000000,      0.000000000000,      0.000000000000,      0.000000000000,      0.000000000000,      0.000000000000,      0.000000000000,      0.000000000000,      0.000000000000,      0.000000000000,      0.000000000000
      0.000000000000,      1.894342100060,     -0.066195880683,     -1.859812559853,     -0.271441735904,      0.866200374157,      0.829489412685,     -0.903183438041,     -0.831187098115,      0.594508053863,     -0.378848944274,     -0.006695887917,      0.269428493579,     -0.034199852775,     -0.121708918314,      0.081149598708,      0.169900028594,      0.050726386911,     -0.093616522344,     -0.050212061971,      0.000000000000,      0.000000000000,      0.000000000000,      0.000000000000,      0.000000000000,      0.000000000000,      0.000000000000,      0.000000000000,      0.000000000000,      0.000000000000,      0.000000000000,      0.000000000000,      0.000000000000,      0.000000000000,      0.000000000000,      0.000000000000
      0.000000000000,      0.090488570533,      1.996415137193,     -0.102381956399,     -1.467869693673,     -0.999538393917,      0.924074786643,     -1.000360365171,      0.816860582488,      0.475420117093,     -0.046145882653,     -0.253150020152,     -0.056416651919,      0.208043208286,     -0.177386847842,     -0.160800233115,      0.068003521852,      0.044581337776,     -0.077524542490,      0.142885568921,      0.000000000000,      0.000000000000,      0.000000000000,      0.000000000000,      0.000000000000,      0.000000000000,      0.000000000000,      0.000000000000,      0.000000000000,      0.000000000000,      0.000000000000,      0.000000000000,      0.000000000000,      0.000000000000,      0.000000000000,      0.000000000000
      0.000000000000,     -1.954042140120,      1.742739344966,     -0.261023162478,     -0.040780043657,      0.993080815329,      0.973396913762,     -0.883618622322,     -0.654984041559,     -0.453763427055,      0.033379280763,      0.017117712564,      0.333625628079,      0.340833537168,     -0.187757978134,     -0.078203483472,      0.054003513304,      0.110140139790,     -0.042792934362,      0.051034473950,      0.000000000000,      0.000000000000,      0.000000000000,      0.000000000000,      0.000000000000,      0.000000000000,      0.000000000000,      0.000000000000,      0.000000000000,      0.000000000000,      0.000000000000,      0.000000000000,      0.000000000000,      0.000000000000,      0.000000000000,      0.000000000000
      0.000000000000,     -1.870315872916,      0.406544570397,      1.998933711994,      0.227223139370,     -0.817054083926,     -0.774228375561,      0.784001045924,      0.754838270196,     -0.620781440714,      0.035518212845,      0.414511021430,     -0.139785261922,     -0.274457224840,     -0.001571054534,     -0.202453884438,      0.085607602260,      0.072507585940,      0.075204634642,     -0.036717959981,      0.000000000000,      0.000000000000,      0.000000000000,      0.000000000000,      0.000000000000,      0.000000000000,      0.000000000000,      0.000000000000,      0.000000000000,      0.000000000000,      0.000000000000,      0.000000000000,      0.000000000000,      0.000000000000,      0.000000000000,      0.000000000000
      0.000000000000,     -0.112995046858,     -2.022475849512,     -0.385788967761,      1.660775521803,      0.958635295641,      0.886636530911,     -1.060893863615,     -1.011743069780,     -0.014544596768,      0.027286388439,      0.366461541845,      0.231616098958,     -0.293055908019,      0.208774431143,      0.090498132968,     -0.080951556647,     -0.153770735092,      0.048274501341,     -0.035212554409,      0.000000000000,      0.000000000000,      0.000000000000,      0.000000000000,      0.000000000000,      0.000000000000,      0.000000000000,      0.000000000000,      0.000000000000,      0.000000000000,      0.000000000000,      0.000000000000,      0.000000000000,      0.000000000000,      0.000000000000,      0.000000000000
      0.000000000000,      1.639952353705,     -0.083939620156,     -2.068893167466,     -0.230041182269,     -1.334754270056,      1.066670824548,     -0.871665759325,      0.676813124077,     -0.023367453509,      0.439084707613,      0.009290993170,      0.123051551989,     -0.107683620393,      0.093184190085,      0.162860170911,     -0.174419194931,     -0.176435295046,      0.105467049088,     -0.038666104592,      0.000000000000,      0.000000000000,      0.000000000000,      0.000000000000,      0.000000000000,      0.000000000000,      0.000000000000,      0.000000000000,      0.000000000000,      0.000000000000,      0.000000000000,      0.000000000000,      0.000000000000,      0.000000000000,      0.000000000000,      0.000000000000
      0.000000000000,      0.298512206671,     -1.780271134904,     -0.022121282402,      1.741536378357,     -0.849630603533,      1.065162548708,     -0.944065611892,      0.888513346707,     -0.599240577287,      0.023672930775,     -0.151467116820,      0.248378404647,      0.102807612309,     -0.004424063548,     -0.079233724040,      0.097183058008,     -0.101121481835,     -0.079069401048,      0.043614911138,      0.000000000000,      0.000000000000,      0.000000000000,      0.000000000000,      0.000000000000,      0.000000000000,      0.000000000000,      0.000000000000,      0.000000000000,      0.000000000000,      0.000000000000,      0.000000000000,      0.000000000000,      0.000000000000,      0.000000000000,      0.000000000000
      0.000000000000,     -2.050367064324,      2.012205731786,      0.214368759337,      0.112490988085,     -0.990145620347,     -0.821507513109,      0.919036473820,      0.794871771076,     -0.457626290735,      0.049539293502,      0.011776229160,     -0.263415993593,      0.110832611840,     -0.059941478656,     -0.067875125168,      0.139765240387,      0.129501972864,     -0.127851732306,      0.061539312851,      0.000000000000,      0.000000000000,      0.000000000000,      0.000000000000,      0.000000000000,      0.000000000000,      0.000000000000,      0.000000000000,      0.000000000000,      0.000000000000,      0.000000000000,      0.000000000000,      0.000000000000,      0.000000000000,      0.000000000000,      0.000000000000
      0.000000000000,     -2.117912549092,      0.015808667934,      0.035989339316,      1.629149654468,     -1.103120994608,      1.202438006850,     -0.827265194356,      0.793260701482,      0.065617867416,     -0.382676221798,      0.281795189311,     -0.261085771581,      0.024478969710,     -0.065894101856,     -0.156713700079,      0.058425852362,      0.049917379038,      0.068539282515,     -0.022018103671,      0.000000000000,      0.000000000000,      0.000000000000,      0.000000000000,      0.000000000000,      0.000000000000,      0.000000000000,      0.000000000000,      0.000000000000,      0.000000000000,      0.000000000000,      0.000000000000,      0.000000000000,      0.000000000000,      0.000000000000,      0.000000000000
      0.000000000000,     -2.087332122813,      0.151676613966,      0.324442235548,      1.879994290635,     -0.888746881440,     -0.965560070362,      0.817166235919,      0.798365072123,     -0.498999699109,      0.038740192089,      0.013614342322,     -0.096098341803,     -0.211833870499,      0.196033072801,     -0.148266364560,      0.077015442090,     -0.053993406930,      0.104430345604,      0.047649976088,      0.000000000000,      0.000000000000,      0.000000000000,      0.000000000000,      0.000000000000,      0.000000000000,      0.000000000000,      0.000000000000,      0.000000000000,      0.000000000000,      0.000000000000,      0.000000000000,      0.000000000000,      0.000000000000,      0.000000000000,      0.000000000000
      0.000000000000,     -0.230348993234,     -1.991028050060,     -0.024390774353,      1.820391695649,      0.800599145299,     -0.852048395649,     -1.064662221223,      0.899225393079,     -0.001781172425,     -0.408090185758,      0.007388128571,      0.324429857181,     -0.080724206682,      0.118377142645,      0.053803250568,     -0.050250943832,     -0.127310797150,      0.137574274335,      0.084846652589,      0.000000000000,      0.000000000000,      0.000000000000,      0.000000000000,      0.000000000000,      0.000000000000,      0.000000000000,      0.000000000000,      0.000000000000,      0.000000000000,      0.000000000000,      0.000000000000,      0.000000000000,      0.000000000000,      0.000000000000,      0.000000000000
      0.000000000000,     -1.780299129812,      0.288121130979,      1.935655494571,      0.182398849173,     -1.051481238506,     -0.850267240101,      0.939170634099,      0.958082088287,     -0.674873390551,      0.008911784536,      0.017754050798,     -0.245709802429,     -0.112716299002,     -0.143461542046,      0.170006552056,     -0.049752588017,      0.069975400346,      0.098882537193,      0.042858342201,      0.000000000000,      0.000000000000,      0.000000000000,      0.000000000000,      0.000000000000,      0.000000000000,      0.000000000000,      0.000000000000,      0.000000000000,      0.000000000000,      0.000000000000,      0.000000000000,      0.000000000000,      0.000000000000,      0.000000000000,      0.000000000000
      0.000000000000,      0.098232628327,     -1.923963489276,      1.639003493966,     -0.011781940874,     -1.057199741137,     -0.808145971138,      0.945596988725,      0.719401996907,     -0.017642117119,      0.441811960990,      0.173287169496,     -0.317555013184,     -0.268270089468,      0.036803622493,     -0.210855879216,      0.179242239412,     -0.075540623852,     -0.029312363751,      0.074803214904,      0.000000000000,      0.000000000000,      0.000000000000,      0.000000000000,      0.000000000000,      0.000000000000,      0.000000000000,      0.000000000000,      0.000000000000,      0.000000000000,      0.000000000000,      0.000000000000,      0.000000000000,      0.000000000000,      0.000000000000,      0.000000000000
      0.000000000000,     -0.249532222357,      1.549018919876,     -2.022037323002,     -0.294203177665,      1.039189689338,     -0.872517992077,      0.720570391035,     -0.745369108426,      0.473972432037,     -0.436096673009,      0.255645365131,      0.224670248681,      0.005771769715,      0.042564880575,     -0.072390881777,     -0.049000454725,      0.072930682484,      0.063755476828,     -0.113284063086,      0.000000000000,      0.000000000000,      0.000000000000,      0.000000000000,      0.000000000000,      0.000000000000,      0.000000000000,      0.000000000000,      0.000000000000,      0.000000000000,      0.000000000000,      0.000000000000,      0.000000000000,      0.000000000000,      0.000000000000,      0.000000000000
      0.000000000000,     -1.768479009288,      0.290297453713,      1.832611746058,      0.376141207598,     -1.001182988054,     -0.869976977115,      0.778608259716,      0.699867523526,     -0.555036337534,     -0.004170571826,      0.031470713098,     -0.235420887797,      0.297577842805,     -0.101501084118,     -0.217430974804,      0.099301033003,     -0.073149132082,      0.120883777198,      0.067900622083,      0.000000000000,      0.000000000000,      0.000000000000,      0.000000000000,      0.000000000000,      0.000000000000,      0.000000000000,      0.000000000000,      0.000000000000,      0.000000000000,      0.000000000000,      0.000000000000,      0.000000000000,      0.000000000000,      0.000000000000,      0.000000000000
      0.000000000000,      0.027817353542,      2.065791194465,     -1.491136165227,     -0.131515010906,      1.302763694560,     -0.990343443197,      0.690498749526,     -0.646500298017,      0.464694662866,     -0.393364926141,     -0.021403300525,     -0.005210769991,     -0.203996828462,      0.076129898690,     -0.116735263077,      0.144003392121,      0.118874265767,     -0.093178125901,     -0.048536826548,      0.000000000000,      0.000000000000,      0.000000000000,      0.000000000000,      0.000000000000,      0.000000000000,      0.000000000000,      0.000000000000,      0.000000000000,      0.000000000000,      0.000000000000,      0.000000000000,      0.000000000000,      0.000000000000,      0.000000000000,      0.000000000000
      0.000000000000,      0.314219944365,     -1.609205066516,      2.015921421758,      0.270756368762,     -0.798530703957,      0.911550655515,     -0.914962337418,      0.896106518117,     -0.455086861644,     -0.043609852185,     -0.051793496403,     -0.249189294157,      0.259645425436,      0.146914218888,     -0.074808946125,      0.143620588930,     -0.116679040495,      0.029388682840,     -0.069178388478,      0.000000000000,      0.000000000000,      0.000000000000,      0.000000000000,      0.000000000000,      0.000000000000,      0.000000000000,      0.000000000000,      0.000000000000,      0.000000000000,      0.000000000000,      0.000000000000,      0.000000000000,      0.000000000000,      0.000000000000,      0.000000000000
      0.000000000000,     -0.732896116240,      1.737645200284,     -0.230715119579,     -1.734207114890,      0.721897239448,      0.733155477411,     -0.901383541579,     -0.736918842133,      0.544727156389,     -0.013723969932,      0.009299697764,      0.150901579869,      0.287781566546,      0.154987550584,     -0.166233255310,      0.072351494922,     -0.100739232113,     -0.044681166536,     -0.092365205007,      0.000000000000,      0.000000000000,      0.000000000000,      0.000000000000,      0.000000000000,      0.000000000000,      0.000000000000,      0.000000000000,      0.000000000000,      0.000000000000,      0.000000000000,      0.000000000000,      0.000000000000,      0.000000000000,      0.000000000000,      0.000000000000
      0.000000000000,      0.497026284900,     -1.822916373093,      0.267952180354,      1.403520965102,     -0.960288110587,      0.849070093529,      0.921277821634,     -0.670454188384,     -0.500942982077,      0.011404284196,      0.028082430277,     -0.246184116672,      0.224556038263,     -0.082906044624,     -0.139976443680,      0.112147768676,      0.050234233711,     -0.035408558683,      0.070982257032,      0.000000000000,      0.000000000000,      0.000000000000,      0.000000000000,      0.000000000000,      0.000000000000,      0.000000000000,      0.000000000000,      0.000000000000,      0.000000000000,      0.000000000000,      0.000000000000,      0.000000000000,      0.000000000000,      0.000000000000,      0.000000000000
      0.000000000000,     -0.282765063319,      1.803211163120,     -0.468070353702,     -1.538040315539,      1.000263225259,      0.829462160639,     -0.722974188682,     -0.672278924609,      0.526460467363,     -0.023575535807,     -0.347145304133,      0.124199047466,      0.237239719526,     -0.011317660893,      0.067681110246,      0.131391427782,     -0.055935504391,     -0.072834141320,     -0.073847506047,      0.000000000000,      0.000000000000,      0.000000000000,      0.000000000000,      0.000000000000,      0.000000000000,      0.000000000000,      0.000000000000,      0.000000000000,      0.000000000000,      0.000000000000,      0.000000000000,      0.000000000000,      0.000000000000,      0.000000000000,      0.000000000000
      0.000000000000,      0.201988358738,      1.715433360022,     -1.553543449493,      0.026362119518,     -1.103557716115,      0.867811075007,      0.856481986804,     -0.681430386920,     -0.058717908620,     -0.319346909265,      0.326347550484,     -0.244271694521,      0.144398834231,     -0.008750122505,      0.177816958676,     -0.101164368090,      0.103123970827,     -0.076125325339,     -0.034846016309,      0.000000000000,      0.000000000000,      0.000000000000,      0.000000000000,      0.000000000000,      0.000000000000,      0.000000000000,      0.000000000000,      0.000000000000,      0.000000000000,      0.000000000000,      0.000000000000,      0.000000000000,      0.000000000000,      0.000000000000,      0.000000000000
      0.000000000000,     -0.006951521481,     -1.752069742244,      1.686055463510,     -0.064232422124,      1.079010884294,     -1.012264267002,      0.761526064821,     -0.705022237175,      0.005089149877,      0.460388578054,     -0.337788463518,      0.006235224995,      0.115497095752,     -0.100452828671,      0.185268930232,     -0.150147352189,     -0.047422091386,     -0.083560767366,      0.066799843969,      0.000000000000,      0.000000000000,      0.000000000000,      0.000000000000,      0.000000000000,      0.000000000000,      0.000000000000,      0.000000000000,      0.000000000000,      0.000000000000,      0.000000000000,      0.000000000000,      0.000000000000,      0.000000000000,      0.000000000000,      0.000000000000
      0.000000000000,      0.332895366502,      0.265123267265,     -1.506931140754,      1.990049636507,     -0.918114639448,      1.084619066882,      0.796092777397,     -0.686074528711,     -0.507748474060,     -0.030008065139,     -0.022103865609,     -0.186636542925,     -0.117009194566,     -0.189480326283,      0.205940605632,      0.070461700891,     -0.070195447651,      0.129807128150,      0.032356212797,      0.000000000000,      0.000000000000,      0.000000000000,      0.000000000000,      0.000000000000,      0.000000000000,      0.000000000000,      0.000000000000,      0.000000000000,      0.000000000000,      0.000000000000,      0.000000000000,      0.000000000000,      0.000000000000,      0.000000000000,      0.000000000000
      0.000000000000,      2.112409000662,      0.036146931400,     -1.537489658258,      0.079401043240,      1.302260983865,      0.698952286392,     -0.855967568770,     -0.725032846651,     -0.012721829237,     -0.390741105334,     -0.069950140266,     -0.249878149880,      0.273541970331,     -0.120270125494,      0.112868191886,      0.182902489761,      0.042975132618,     -0.106682893725,      0.117242421261,      0.000000000000,      0.000000000000,      0.000000000000,      0.000000000000,      0.000000000000,      0.000000000000,      0.000000000000,      0.000000000000,      0.000000000000,      0.000000000000,      0.000000000000,      0.000000000000,      0.000000000000,      0.000000000000,      0.000000000000,      0.000000000000
      0.000000000000,      1.830233417946,     -0.413934299088,     -1.804169552485,     -0.128209414756,      1.063522042398,      0.953776263735,     -1.038660450982,     -0.709063621611,      0.616614400154,     -0.343791613098,     -0.023648485053,     -0.004321080394,      0.109242071546,      0.187979694633,     -0.129134549565,      0.128857113422,      0.043297645527,     -0.046499429440,     -0.029251568436,      0.000000000000,      0.000000000000,      0.000000000000,      0.000000000000,      0.000000000000,      0.000000000000,      0.000000000000,      0.000000000000,      0.000000000000,      0.000000000000,      0.000000000000,      0.000000000000,      0.000000000000,      0.000000000000,      0.000000000000,      0.000000000000
      0.000000000000,      0.294217407893,     -1.746460037185,      1.811547995136,     -1.072701602307,      0.348801867500,      0.994660658147,     -0.617187917293,      0.687586099087,     -0.170354983823,     -0.374935264512,     -0.001449763078,     -0.314104809573,      0.026239481459,      0.114097874399,      0.312239041580,     -0.214751332474,      0.155703239822,     -0.052104589224,      0.045084116577,      0.000000000000,      0.000000000000,      0.000000000000,      0.000000000000,      0.000000000000,      0.000000000000,      0.000000000000,      0.000000000000,      0.000000000000,      0.000000000000,      0.000000000000,      0.000000000000,      0.000000000000,      0.000000000000,      0.000000000000,      0.000000000000
      0.000000000000,     -0.118831330277,      1.926748565500,     -1.823847875481,     -0.356748955576,     -0.852352351983,      0.818943815018,      0.762010239923,     -0.855024819821,     -0.396447579401,      0.397248637470,      0.007406375464,     -0.014701154785,      0.235717700752,      0.165277934977,      0.081792866277,     -0.158347565724,      0.064495588638,     -0.047570764332,     -0.080420154224,      0.000000000000,      0.000000000000,      0.000000000000,      0.000000000000,      0.000000000000,      0.000000000000,      0.000000000000,      0.000000000000,      0.000000000000,      0.000000000000,      0.000000000000,      0.000000000000,      0.000000000000,      0.000000000000,      0.000000000000,      0.000000000000
      0.000000000000,      0.168198329421,     -1.871233764601,     -0.079827226734,      1.547053043047,     -1.213614741293,      1.087623523035,     -0.778697866967,      0.616299568554,     -0.466758323380,      0.363482909492,     -0.008417238098,     -0.232642139546,     -0.087241377357,      0.079089051154,      0.060881804160,      0.135020803996,     -0.004095796879,     -0.099049838619,      0.089428053678,      0.000000000000,      0.000000000000,      0.000000000000,      0.000000000000,      0.000000000000,      0.000000000000,      0.000000000000,      0.000000000000,      0.000000000000,      0.000000000000,      0.000000000000,      0.000000000000,      0.000000000000,      0.000000000000,      0.000000000000,      0.000000000000
      0.000000000000,      1.500654758083,     -2.259457783233,     -0.032690211528,     -0.132860727063,      1.015825225224,      0.842190482682,     -1.054503242527,     -0.788096035110,     -0.010166927797,      0.441413166947,      0.049852305850,      0.189037370992,     -0.261969450784,     -0.070153463483,      0.105344842888,     -0.076354942106,      0.088634041789,      0.147195906043,     -0.114605744732,      0.000000000000,      0.000000000000,      0.000000000000,      0.000000000000,      0.000000000000,      0.000000000000,      0.000000000000,      0.000000000000,      0.000000000000,      0.000000000000,      0.000000000000,      0.000000000000,      0.000000000000,      0.000000000000,      0.000000000000,      0.000000000000
      0.000000000000,     -0.611958029410,      1.563597587670,     -0.282066475958,      1.151420545648,     -1.692461181950,     -1.166782961112,      0.695753238717,     -0.904085640733,      0.507479444216,      0.025672754437,      0.239087845202,     -0.157785854284,      0.245265331319,      0.209939979864,     -0.147807340092,     -0.005777434165,      0.055574147387,     -0.055377245889,     -0.021088478819,      0.000000000000,      0.000000000000,      0.000000000000,      0.000000000000,      0.000000000000,      0.000000000000,      0.000000000000,      0.000000000000,      0.000000000000,      0.000000000000,      0.000000000000,      0.000000000000,      0.000000000000,      0.000000000000,      0.000000000000,      0.000000000000
      0.000000000000,      0.076130042397,     -2.254039602223,      1.634432964911,      0.028972178836,     -1.015335997230,     -1.092478816590,      0.819529829863,      0.821382216478,      0.020265777304,     -0.178501631039,      0.021453604493,      0.292881710441,     -0.299978296013,      0.134594823041,      0.178291506048,     -0.129419634712,      0.098006243412,      0.030587142983,     -0.057118911172,      0.000000000000,      0.000000000000,      0.000000000000,      0.000000000000,      0.000000000000,      0.000000000000,      0.000000000000,      0.000000000000,      0.000000000000,      0.000000000000,      0.000000000000,      0.000000000000,      0.000000000000,      0.000000000000,      0.000000000000,      0.000000000000
      0.000000000000,     -0.234885561175,      1.796117445217,     -1.950211985817,     -0.166150117183,      1.032700933763,      0.803556929881,     -0.877308010059,     -0.990205782097,      0.030923336863,     -0.011555632789,      0.383830170818,      0.258208845147,      0.116154205067,     -0.203550291737,      0.154099317214,     -0.095254498523,     -0.138418060328,     -0.071594179458,      0.025638285223,      0.000000000000,      0.000000000000,      0.000000000000,      0.000000000000,      0.000000000000,      0.000000000000,      0.000000000000,      0.000000000000,      0.000000000000,      0.000000000000,      0.000000000000,      0.000000000000,      0.000000000000,      0.000000000000,      0.000000000000,      0.000000000000
      0.000000000000,     -0.020974598703,      1.864194063283,     -1.881388889288,     -0.085932616116,      1.051624575880,     -1.040398797050,      0.685599126880,     -0.677207603190,      0.552829467601,     -0.017719085657,     -0.332879987202,     -0.160790590333,      0.148987540908,     -0.000295319820,      0.154368894047,      0.106811858789,     -0.112694385152,     -0.075136251871,      0.031627727870,      0.000000000000,      0.000000000000,      0.000000000000,      0.000000000000,      0.000000000000,      0.000000000000,      0.000000000000,      0.000000000000,      0.000000000000,      0.000000000000,      0.000000000000,      0.000000000000,      0.000000000000,      0.000000000000,      0.000000000000,      0.000000000000
      0.000000000000,     -0.406887903476,      1.599592095570,     -0.205628862004,     -1.767657301980,     -1.137380197122,      0.912589397211,      0.768442778898,     -0.798491602923,      0.395182762507,     -0.006026391121,      0.139829389161,      0.256821766862,      0.001459024642,     -0.092190877912,      0.142855234283,     -0.168082964308,      0.055001155856,     -0.077239199798,     -0.080606784093,      0.000000000000,      0.000000000000,      0.000000000000,      0.000000000000,      0.000000000000,      0.000000000000,      0.000000000000,      0.000000000000,      0.000000000000,      0.000000000000,      0.000000000000,      0.000000000000,      0.000000000000,      0.000000000000,      0.000000000000,      0.000000000000
      0.000000000000,     -1.995228959988,      0.078046834208,      0.399329101578,     -1.058094177955,      1.470113170125,      0.977397192911,     -0.781563426166,      0.685478500694,      0.053768901339,     -0.518296393502,      0.353378119430,     -0.280876408577,     -0.123598253888,      0.036534309064,      0.078964580230,     -0.053953291204,      0.108949380489,     -0.108596292640,      0.045603268407,      0.000000000000,      0.000000000000,      0.000000000000,      0.000000000000,      0.000000000000,      0.000000000000,      0.000000000000,      0.000000000000,      0.000000000000,      0.000000000000,      0.000000000000,      0.000000000000,      0.000000000000,      0.000000000000,      0.000000000000,      0.000000000000
      0.000000000000,     -1.883159150043,      0.016788691726,     -0.012171001018,      1.760078715081,     -1.110799788255,      0.853847489255,     -0.685978211134,      0.746192967848,     -0.564891851083,      0.059648037657,      0.364847778598,      0.019217822894,     -0.197332388492,      0.178910402912,     -0.073078788559,      0.144743498268,     -0.123421789391,      0.057287036588,     -0.035302570114,      0.000000000000,      0.000000000000,      0.000000000000,      0.000000000000,      0.000000000000,      0.000000000000,      0.000000000000,      0.000000000000,      0.000000000000,      0.000000000000,      0.000000000000,      0.000000000000,      0.000000000000,      0.000000000000,      0.000000000000,      0.000000000000
      0.000000000000,      0.055697097390,      1.824244253194,     -1.849290444366,      0.165735730548,     -0.926858567396,      0.982061077377,     -0.820415337016,      0.754597178671,      0.027901125320,      0.366606554525,     -0.318458490350,     -0.261443317998,      0.215642228865,      0.025529524827,     -0.080963843503,     -0.154435281747,      0.083442639661,     -0.048699332847,      0.081319248036,      0.000000000000,      0.000000000000,      0.000000000000,      0.000000000000,      0.000000000000,      0.000000000000,      0.000000000000,      0.000000000000,      0.000000000000,      0.000000000000,      0.000000000000,      0.000000000000,      0.000000000000,      0.000000000000,      0.000000000000,      0.000000000000
      0.000000000000,     -2.030916044233,      1.711569728475,      0.107403899490,     -0.238005439764,     -1.054709309932,      0.913396670653,      0.767873143689,     -0.712304716401,     -0.458437466777,      0.379970535077,      0.004172082565,     -0.026573003856,      0.186827547782,      0.167500576143,     -0.057359415669,     -0.143285918175,      0.054630954112,      0.060534590129,     -0.057012730244,      0.000000000000,      0.000000000000,      0.000000000000,      0.000000000000,      0.000000000000,      0.000000000000,      0.000000000000,      0.000000000000,      0.000000000000,      0.000000000000,      0.000000000000,      0.000000000000,      0.000000000000,      0.000000000000,      0.000000000000,      0.000000000000
      0.000000000000,      2.131703305375,     -0.212232436504,     -0.105872934380,     -1.545356969769,      1.113403957873,     -1.019479713606,      0.784171811163,     -0.714437998868,     -0.062193300223,      0.538781257817,     -0.239973925923,      0.164810237338,      0.092694564821,     -0.019368133930,      0.170870626970,     -0.163103985890,      0.041677649063,     -0.116667131794,     -0.071679844321,      0.000000000000,      0.000000000000,      0.000000000000,      0.000000000000,      0.000000000000,      0.000000000000,      0.000000000000,      0.000000000000,      0.000000000000,      0.000000000000,      0.000000000000,      0.000000000000,      0.000000000000,      0.000000000000,      0.000000000000,      0.000000000000
      0.000000000000,      0.266338582865,     -1.792925962663,      0.404668700909,      2.208118059449,      1.148765002641,     -0.744886458041,      0.905025613301,     -0.787409107748,     -0.555502767860,     -0.015536704816,     -0.017531605127,     -0.129803654529,      0.259350943336,     -0.096917191706,     -0.141889386579,      0.134756739176,      0.051257969110,     -0.105187043519,      0.058293427257,      0.000000000000,      0.000000000000,      0.000000000000,      0.000000000000,      0.000000000000,      0.000000000000,      0.000000000000,      0.000000000000,      0.000000000000,      0.000000000000,      0.000000000000,      0.000000000000,      0.000000000000,      0.000000000000,      0.000000000000,      0.000000000000
      0.000000000000,     -0.125117357757,     -1.732515926407,      1.861224502745,      0.000914293743,      1.305596883006,     -1.261993092456,     -0.792759260464,      0.637499794753,      0.009123487688,      0.405057517359,      0.173785996808,      0.003153609062,     -0.316954049156,     -0.224679545662,     -0.093026773712,     -0.122913004320,      0.142122083175,      0.055649798816,     -0.021665354120,      0.000000000000,      0.000000000000,      0.000000000000,      0.000000000000,      0.000000000000,      0.000000000000,      0.000000000000,      0.000000000000,      0.000000000000,      0.000000000000,      0.000000000000,      0.000000000000,      0.000000000000,      0.000000000000,      0.000000000000,      0.000000000000
      0.000000000000,      0.017637950400,     -1.851454416639,      1.643134818477,      0.055545759491,     -1.172832026673,      0.989471063480,      0.920102913279,     -0.797150476080,     -0.530323838263,      0.018861591705,      0.001200796743,     -0.102658591099,      0.113211504503,      0.201278593335,     -0.084079244006,      0.154151610422,     -0.172499123162,      0.158077756161,      0.040549700699,      0.000000000000,      0.000000000000,      0.000000000000,      0.000000000000,      0.000000000000,      0.000000000000,      0.000000000000,      0.000000000000,      0.000000000000,      0.000000000000,      0.000000000000,      0.000000000000,      0.000000000000,      0.000000000000,      0.000000000000,      0.000000000000
      0.000000000000,     -0.102893773580,     -1.871668630933,      1.723334397338,     -0.050293120731,      1.016350033352,     -0.953802401340,     -0.809737487577,      0.720736292100,      0.513043663973,     -0.162296316422,      0.009811063444,     -0.332604815232,      0.130685771230,     -0.229934412637,      0.017032725517,      0.128961849686,      0.098210693632,      0.048419911811,     -0.079045642628,      0.000000000000,      0.000000000000,      0.000000000000,      0.000000000000,      0.000000000000,      0.000000000000,      0.000000000000,      0.000000000000,      0.000000000000,      0.000000000000,      0.000000000000,      0.000000000000,      0.000000000000,      0.000000000000,      0.000000000000,      0.000000000000
      0.000000000000,     -1.939434907865,      1.923743648213,      0.003092140397,      0.107654863815,     -1.004028661312,     -1.052973335401,      0.916794489703,      0.663867874930,     -0.477005266489,     -0.013895086527,      0.001934699141,      0.258774422506,     -0.189273910114,     -0.098142642878,      0.186768431133,      0.068588559894,      0.064496398838,      0.118185017403,     -0.103951454317,      0.000000000000,      0.000000000000,      0.000000000000,      0.000000000000,      0.000000000000,      0.000000000000,      0.000000000000,      0.000000000000,      0.000000000000,      0.000000000000,      0.000000000000,      0.000000000000,      0.000000000000,      0.000000000000,      0.000000000000,      0.000000000000
      0.000000000000,      1.972785780930,     -0.145372284550,     -0.307927142156,     -1.983475345021,      0.885051213374,      0.886435550654,     -0.834011691233,     -0.778487894740,      0.491173398095,     -0.079591447703,     -0.029466825290,      0.260770486626,      0.205967215331,      0.063064353934,     -0.180988981303,      0.062944110586,     -0.115444033377,     -0.050535740781,     -0.074630252144,      0.000000000000,      0.000000000000,      0.000000000000,      0.000000000000,      0.000000000000,      0.000000000000,      0.000000000000,      0.000000000000,      0.000000000000,      0.000000000000,      0.000000000000,      0.000000000000,      0.000000000000,      0.000000000000,      0.000000000000,      0.000000000000
      0.000000000000,      1.997906918628,     -0.392334669920,     -0.022152282347,     -1.535528048147,      0.738667949475,     -1.157310870537,      0.972521477363,     -0.654742307594,      0.614186536414,      0.325101424665,     -0.033612673365,     -0.047800114897,      0.072676923779,     -0.249138694167,      0.081581151274,     -0.065326421278,      0.163917877917,     -0.109765877036,     -0.077369337508,      0.000000000000,      0.000000000000,      0.000000000000,      0.000000000000,      0.000000000000,      0.000000000000,      0.000000000000,      0.000000000000,      0.000000000000,      0.000000000000,      0.000000000000,      0.000000000000,      0.000000000000,      0.000000000000,      0.000000000000,      0.000000000000
      0.000000000000,     -1.543972773592,      0.390482382583,      1.913766033660,      0.139626328849,      1.029177130391,     -0.906123184859,     -0.919884727389,      0.942562436000,     -0.521462094855,     -0.004924887223,     -0.143259606883,      0.334543614045,      0.003242005582,     -0.154830927820,     -0.152947906257,     -0.062251690336,      0.120941717911,      0.033357233180,      0.039420371353,      0.000000000000,      0.000000000000,      0.000000000000,      0.000000000000,      0.000000000000,      0.000000000000,      0.000000000000,      0.000000000000,      0.000000000000,      0.000000000000,      0.000000000000,      0.000000000000,      0.000000000000,      0.000000000000,      0.000000000000,      0.000000000000
      0.000000000000,      2.098900028370,     -1.678439546474,      0.216823429251,      0.022455551418,      1.142945952064,     -0.939895386062,     -0.827720875974,      0.925276559034,      0.022646120588,     -0.289721933405,     -0.029143084054,     -0.221578447399,      0.097763630238,     -0.180317690177,      0.094271652065,      0.173964676914,      0.190867794048,     -0.080528301450,     -0.077166513910,      0.000000000000,      0.000000000000,      0.000000000000,      0.000000000000,      0.000000000000,      0.000000000000,      0.000000000000,      0.000000000000,      0.000000000000,      0.000000000000,      0.000000000000,      0.000000000000,      0.000000000000,      0.000000000000,      0.000000000000,      0.000000000000
      0.000000000000,      1.933957938173,     -0.250590443213,     -1.918863958878,     -0.021622020557,      1.154806716084,      0.881823567780,     -0.787776607126,     -0.778447411963,      0.462395521491,     -0.421557234893,     -0.024200560003,      0.010472226836,      0.118947736950,     -0.138760311497,      0.119079255918,     -0.064076253177,     -0.048042138641,      0.058186008738,      0.078938389010,      0.000000000000,      0.000000000000,      0.000000000000,      0.000000000000,      0.000000000000,      0.000000000000,      0.000000000000,      0.000000000000,      0.000000000000,      0.000000000000,      0.000000000000,      0.000000000000,      0.000000000000,      0.000000000000,      0.000000000000,      0.000000000000
      0.000000000000,     -1.951610406309,      0.092601848677,      1.816089729220,      0.032768710267,     -0.900801645134,     -0.985171024778,      0.791529529640,      0.897606021938,      0.030430629977,     -0.378497756425,     -0.141041425462,     -0.025551690626,      0.251589339706,     -0.202772824537,     -0.192608973211,      0.201615869265,      0.076663857983,      0.079606981853,      0.035041751115,      0.000000000000,      0.000000000000,      0.000000000000,      0.000000000000,      0.000000000000,      0.000000000000,      0.000000000000,      0.000000000000,      0.000000000000,      0.000000000000,      0.000000000000,      0.000000000000,      0.000000000000,      0.000000000000,      0.000000000000,      0.000000000000
      0.000000000000,     -1.813514284005,      0.040325646664,      0.068885237014,      1.599800983345,     -1.108116757281,     -1.005836564715,      0.750061898073,      0.727937486369,     -0.491322553608,      0.432008805566,      0.003577981622,      0.023653014944,      0.214186631167,     -0.191951484626,     -0.079521896199,     -0.070755831849,      0.052893908392,     -0.101001286183,      0.056631122519,      0.000000000000,      0.000000000000,      0.000000000000,      0.000000000000,      0.000000000000,      0.000000000000,      0.000000000000,      0.000000000000,      0.000000000000,      0.000000000000,      0.000000000000,      0.000000000000,      0.000000000000,      0.000000000000,      0.000000000000,      0.000000000000
      0.000000000000,      1.766622655396,      0.093565192304,      0.128379124505,     -1.562711033951,     -0.952388294871,      0.862728445513,     -0.685086144753,      0.778231959407,      0.020651171054,     -0.507072588090,      0.459044084333,      0.029084072517,     -0.146378516794,      0.077807808321,     -0.056763821383,     -0.172465500940,      0.147696634378,      0.135027907907,     -0.139653795731,      0.000000000000,      0.000000000000,      0.000000000000,      0.000000000000,      0.000000000000,      0.000000000000,      0.000000000000,      0.000000000000,      0.000000000000,      0.000000000000,      0.000000000000,      0.000000000000,      0.000000000000,      0.000000000000,      0.000000000000,      0.000000000000
      0.000000000000,     -0.036232838279,     -0.007397465285,     -1.755057766597,      1.655745247383,     -1.162257118898,      0.874892131669,      0.904523267338,     -0.590165340150,      0.383778719742,     -0.002473568309,     -0.029271014922,     -0.277091353241,      0.130495045196,     -0.221081009085,      0.207950530018,      0.158289543524,     -0.154937072818,     -0.050692235933,     -0.063254890505,      0.000000000000,      0.000000000000,      0.000000000000,      0.000000000000,      0.000000000000,      0.000000000000,      0.000000000000,      0.000000000000,      0.000000000000,      0.000000000000,      0.000000000000,      0.000000000000,      0.000000000000,      0.000000000000,      0.000000000000,      0.000000000000
      0.000000000000,     -0.102052582733,      1.699726292065,     -1.846157780263,     -0.253278095645,     -1.024768383484,      1.007333336820,      0.819746626390,     -0.614055269786,     -0.001733760720,      0.530634151403,     -0.365946017497,      0.162472710865,      0.207096670021,     -0.007295367549,     -0.128553410055,     -0.057244422020,      0.095698382988,     -0.093118760884,      0.033688811639,      0.000000000000,      0.000000000000,      0.000000000000,      0.000000000000,      0.000000000000,      0.000000000000,      0.000000000000,      0.000000000000,      0.000000000000,      0.000000000000,      0.000000000000,      0.000000000000,      0.000000000000,      0.000000000000,      0.000000000000,      0.000000000000
      0.000000000000,      0.330620721563,     -1.776723095104,      1.613612116034,      0.117157244551,     -1.075260971219,      1.066246743772,      0.757160613504,     -0.614066783032,     -0.505618767909,      0.031571135169,     -0.004389230176,     -0.247423239460,     -0.125432834536,     -0.209828605584,      0.207902451828,      0.100152638674,      0.115751628671,      0.113124821541,     -0.043700127330,      0.000000000000,      0.000000000000,      0.000000000000,      0.000000000000,      0.000000000000,      0.000000000000,      0.000000000000,      0.000000000000,      0.000000000000,      0.000000000000,      0.000000000000,      0.000000000000,      0.000000000000,      0.000000000000,      0.000000000000,      0.000000000000
      0.000000000000,     -2.149216608858,     -0.148677259845,      1.644287599439,     -0.219593312490,      0.852656486309,     -0.994686300156,     -0.912420295854,      0.837843638002,      0.489801508166,     -0.477652836750,      0.016463864282,      0.138695868788,      0.009494779467,      0.081793569958,      0.140502326070,     -0.067395613051,     -0.143558341394,     -0.049408421294,      0.071732398669,      0.000000000000,      0.000000000000,      0.000000000000,      0.000000000000,      0.000000000000,      0.000000000000,      0.000000000000,      0.000000000000,      0.000000000000,      0.000000000000,      0.000000000000,      0.000000000000,      0.000000000000,      0.000000000000,      0.000000000000,      0.000000000000
      0.000000000000,     -1.947654345799,      0.119789363240,      1.859066628142,      0.363742163435,      1.220500640745,     -1.118233231113,     -0.820652068578,      0.664263429650,      0.036977473701,     -0.418676116410,     -0.307291679621,      0.036083240973,     -0.095570317921,     -0.200324553576,      0.134830962924,     -0.048959549283,      0.100191161630,      0.099623494296,      0.041401321742,      0.000000000000,      0.000000000000,      0.000000000000,      0.000000000000,      0.000000000000,      0.000000000000,      0.000000000000,      0.000000000000,      0.000000000000,      0.000000000000,      0.000000000000,      0.000000000000,      0.000000000000,      0.000000000000,      0.000000000000,      0.000000000000
      0.000000000000,      0.271049267518,      0.037426985298,     -1.709961464737,      2.032909114655,     -1.004461872871,     -0.820237043891,      0.909175258741,      0.835426465838,      0.018272796678,     -0.390318269819,      0.160229684331,     -0.122983063757,     -0.237444381940,      0.262719655549,      0.000008055613,     -0.065819872158,     -0.125027022936,      0.086140464800,      0.018855241906,      0.000000000000,      0.000000000000,      0.000000000000,      0.000000000000,      0.000000000000,      0.000000000000,      0.000000000000,      0.000000000000,      0.000000000000,      0.000000000000,      0.000000000000,      0.000000000000,      0.000000000000,      0.000000000000,      0.000000000000,      0.000000000000
      0.000000000000,      0.081659106195,     -1.834817622409,      0.154248502616,      1.693775862772,     -0.875065006006,      1.033346960955,     -0.891061933005,      0.899775253871,     -0.003190154609,      0.002139154395,     -0.398209691605,     -0.103696680435,      0.118625374265,      0.221309351566,     -0.159538613565,     -0.160904032316,      0.100101553330,     -0.040841429268,      0.054491816319,      0.000000000000,      0.000000000000,      0.000000000000,      0.000000000000,      0.000000000000,      0.000000000000,      0.000000000000,      0.000000000000,      0.000000000000,      0.000000000000,      0.000000000000,      0.000000000000,      0.000000000000,      0.000000000000,      0.000000000000,      0.000000000000
      0.000000000000,     -0.021424398576,     -1.993273591690,      1.807910117488,     -0.172457091917,      0.955493770172,     -0.942148004474,     -0.783412295151,      0.735360772687,     -0.023151047640,     -0.401644918421,      0.316826868762,      0.032088059337,      0.108478763128,     -0.173953665087,      0.151192495384,     -0.039823435595,      0.090678522962,      0.042244005411,     -0.086459091208,      0.000000000000,      0.000000000000,      0.000000000000,      0.000000000000,      0.000000000000,      0.000000000000,      0.000000000000,      0.000000000000,      0.000000000000,      0.000000000000,      0.000000000000,      0.000000000000,      0.000000000000,      0.000000000000,      0.000000000000,      0.000000000000
      0.000000000000,     -0.019083990020,     -1.765856378468,      0.013036889800,      1.641712673173,     -1.088193779690,      0.779573979149,      0.909896143139,     -0.672378465640,     -0.482656842761,     -0.027573438153,      0.344790907039,      0.134620500451,     -0.190901435525,     -0.109448990033,     -0.022291058792,      0.183656760227,      0.051929926516,     -0.087748158239,      0.080794671775,      0.000000000000,      0.000000000000,      0.000000000000,      0.000000000000,      0.000000000000,      0.000000000000,      0.000000000000,      0.000000000000,      0.000000000000,      0.000000000000,      0.000000000000,      0.000000000000,      0.000000000000,      0.000000000000,      0.000000000000,      0.000000000000
      0.000000000000,      2.114789389654,     -0.147373917866,      1.208492637319,     -1.489731581464,     -0.070101838287,      0.973032532968,     -0.780137783605,     -0.770266158835,      0.486657662885,     -0.013123948972,      0.318541703704,     -0.021541140705,      0.086956351473,     -0.217467862632,     -0.142840953484,      0.132123550642,     -0.127587486658,     -0.062527906993,     -0.050948736402,      0.000000000000,      0.000000000000,      0.000000000000,      0.000000000000,      0.000000000000,      0.000000000000,      0.000000000000,      0.000000000000,      0.000000000000,      0.000000000000,      0.000000000000,      0.000000000000,      0.000000000000,      0.000000000000,      0.000000000000,      0.000000000000
      0.000000000000,      2.163605439966,      0.532315092302,     -1.631801303879,      0.200251581786,      1.224023242607,     -0.917445644051,     -0.844740807482,      0.681886954171,      0.499923642399,     -0.350018721424,     -0.041299818130,     -0.184805604755,     -0.033096930237,      0.081829344707,     -0.159902118601,     -0.081663598812,     -0.115030249617,      0.100563817385,      0.034228221276,      0.000000000000,      0.000000000000,      0.000000000000,      0.000000000000,      0.000000000000,      0.000000000000,      0.000000000000,      0.000000000000,      0.000000000000,      0.000000000000,      0.000000000000,      0.000000000000,      0.000000000000,      0.000000000000,      0.000000000000,      0.000000000000
      0.000000000000,      2.206785425120,     -0.307530037527,     -0.372040376691,     -1.601674177733,      0.896419961808,      0.840117673897,     -0.967344780104,     -0.941586094415,     -0.056176871035,     -0.049314201012,      0.458638302326,      0.283518796887,      0.223482511076,     -0.201275765179,      0.066862288775,      0.045793692896,     -0.089447151617,     -0.106122424989,     -0.055133491790,      0.000000000000,      0.000000000000,      0.000000000000,      0.000000000000,      0.000000000000,      0.000000000000,      0.000000000000,      0.000000000000,      0.000000000000,      0.000000000000,      0.000000000000,      0.000000000000,      0.000000000000,      0.000000000000,      0.000000000000,      0.000000000000
      0.000000000000,      0.371406237021,     -1.816240667633,      1.950084073281,      0.496422636359,     -0.839239581806,     -0.955167398576,      0.944084371666,      0.777104874278,     -0.539019346061,      0.001654454699,      0.028506546800,      0.324201910922,     -0.122412311814,     -0.069164661909,     -0.158705437755,     -0.187046780502,      0.072851967720,      0.030517865766,      0.047276057003,      0.000000000000,      0.000000000000,      0.000000000000,      0.000000000000,      0.000000000000,      0.000000000000,      0.000000000000,      0.000000000000,      0.000000000000,      0.000000000000,      0.000000000000,      0.000000000000,      0.000000000000,      0.000000000000,      0.000000000000,      0.000000000000
      0.000000000000,     -0.390929328193,      1.840279543381,     -0.035722047794,      1.284660246126,     -1.688770500739,     -0.956974646493,      0.743140215959,     -0.711130743803,      0.049174844081,      0.324191364042,     -0.141797512918,      0.135260242639,      0.249769167388,     -0.256612014568,      0.004764931846,     -0.138081818687,      0.111767441215,     -0.081566445474,      0.038267576905,      0.000000000000,      0.000000000000,      0.000000000000,      0.000000000000,      0.000000000000,      0.000000000000,      0.000000000000,      0.000000000000,      0.000000000000,      0.000000000000,      0.000000000000,      0.000000000000,      0.000000000000,      0.000000000000,      0.000000000000,      0.000000000000
      0.000000000000,      2.065457030312,     -0.029720757735,     -1.681681341285,     -0.164832193030,      1.045626766524,     -0.911677622338,      0.737512638874,     -0.591543357972,     -0.423096381964,     -0.028491126840,     -0.057816732034,      0.441271782926,      0.084826224082,      0.189605893718,     -0.087245160968,      0.062839762359,      0.143591245126,     -0.133312983296,     -0.120752382048,      0.000000000000,      0.000000000000,      0.000000000000,      0.000000000000,      0.000000000000,      0.000000000000,      0.000000000000,      0.000000000000,      0.000000000000,      0.000000000000,      0.000000000000,      0.000000000000,      0.000000000000,      0.000000000000,      0.000000000000,      0.000000000000
      0.000000000000,      0.059313774623,     -1.575499145469,      0.230710036333,      1.702859982680,      1.014122581417,      0.893890200137,     -0.752962657566,     -0.729768516922,     -0.534082874825,      0.018008349813,      0.293280330678,      0.002517926490,     -0.222197963012,     -0.097147655401,      0.072971369400,     -0.112431621391,      0.112856782212,     -0.059299486560,      0.090640143185,      0.000000000000,      0.000000000000,      0.000000000000,      0.000000000000,      0.000000000000,      0.000000000000,      0.000000000000,      0.000000000000,      0.000000000000,      0.000000000000,      0.000000000000,      0.000000000000,      0.000000000000,      0.000000000000,      0.000000000000,      0.000000000000
      0.000000000000,      0.103974103390,     -1.639571966091,      1.729222615670,      0.273224719602,     -1.103208860081,      0.955398560196,     -0.775748247352,      0.685013105536,      0.017782695888,     -0.314025227454,      0.003034539743,     -0.297183027155,      0.105468938402,      0.250553322868,     -0.101961329636,      0.112667188873,     -0.098223086572,     -0.039481724396,      0.060977785281,      0.000000000000,      0.000000000000,      0.000000000000,      0.000000000000,      0.000000000000,      0.000000000000,      0.000000000000,      0.000000000000,      0.000000000000,      0.000000000000,      0.000000000000,      0.000000000000,      0.000000000000,      0.000000000000,      0.000000000000,      0.000000000000
      0.000000000000,     -0.449101779442,      1.810297634522,     -1.598532482149,     -0.301191727010,      0.910450358154,      0.719584572512,     -0.939588798581,     -0.760494999884,      0.509089889472,      0.004810702347,      0.157939591149,     -0.029496581995,      0.245847397038,     -0.123747257406,      0.168942965456,     -0.172455076881,     -0.117439975857,      0.057147275641,     -0.042057482034,      0.000000000000,      0.000000000000,      0.000000000000,      0.000000000000,      0.000000000000,      0.000000000000,      0.000000000000,      0.000000000000,      0.000000000000,      0.000000000000,      0.000000000000,      0.000000000000,      0.000000000000,      0.000000000000,      0.000000000000,      0.000000000000
      0.000000000000,      0.388952412245,     -1.784323065674,      1.638874108324,      0.176016529352,     -0.992757401972,     -0.828509354747,      0.983615738654,      0.763808773502,     -0.441990117962,     -0.013480537940,      0.303340000319,     -0.158108456093,     -0.016918020403,      0.092657236178,     -0.157136267272,      0.153472135211,     -0.071234423930,      0.074036892022,     -0.029627777211,      0.000000000000,      0.000000000000,      0.000000000000,      0.000000000000,      0.000000000000,      0.000000000000,      0.000000000000,      0.000000000000,      0.000000000000,      0.000000000000,      0.000000000000,      0.000000000000,      0.000000000000,      0.000000000000,      0.000000000000,      0.000000000000
      0.000000000000,     -0.545736194707,      1.699207835220,     -1.769186324831,     -0.247669000148,      1.085569013097,      0.839740814303,     -0.983794333874,     -0.747983608563,     -0.034045269868,      0.492910393805,      0.010236208642,      0.170773115643,      0.257123561569,      0.160468785654,     -0.215282904332,      0.040671595112,     -0.052670677652,     -0.079940815774,     -0.062578408143,      0.000000000000,      0.000000000000,      0.000000000000,      0.000000000000,      0.000000000000,      0.000000000000,      0.000000000000,      0.000000000000,      0.000000000000,      0.000000000000,      0.000000000000,      0.000000000000,      0.000000000000,      0.000000000000,      0.000000000000,      0.000000000000
      0.000000000000,     -2.107866846570,      0.462397624711,      0.113153639320,      1.702962075742,     -0.995961673883,     -0.755078168089,      0.963962021856,      0.755521936173,     -0.500420962206,      0.056945916385,      0.013756602661,     -0.278921355506,     -0.109593947052,      0.234262168059,      0.107047317282,     -0.165083891622,     -0.045157725865,      0.089522444758,      0.069156858055,      0.000000000000,      0.000000000000,      0.000000000000,      0.000000000000,      0.000000000000,      0.000000000000,      0.000000000000,      0.000000000000,      0.000000000000,      0.000000000000,      0.000000000000,      0.000000000000,      0.000000000000,      0.000000000000,      0.000000000000,      0.000000000000
      0.000000000000,     -1.905288303407,      0.011323993945,      1.906501400528,      0.321922246627,     -1.211919364250,     -0.749943533513,      1.011567449004,      0.638457439706,      0.081309493059,     -0.550489959988,     -0.274008001531,      0.231176169564,      0.013976169401,     -0.167083430582,     -0.080437564655,      0.053248084618,      0.096837040522,     -0.028144479039,      0.058791451058,      0.000000000000,      0.000000000000,      0.000000000000,      0.000000000000,      0.000000000000,      0.000000000000,      0.000000000000,      0.000000000000,      0.000000000000,      0.000000000000,      0.000000000000,      0.000000000000,      0.000000000000,      0.000000000000,      0.000000000000,      0.000000000000
      0.000000000000,     -1.688364378708,      0.011462659800,     -0.026360886345,      1.897077176308,     -0.943309622691,      0.978524332542,      0.819410081385,     -0.708906479197,     -0.405330954410,      0.020865584799,      0.349669369399,     -0.011013815193,     -0.111561394990,     -0.096749575588,     -0.212156258051,     -0.174435189504,      0.079652574530,      0.131692383664,      0.122399968651,      0.000000000000,      0.000000000000,      0.000000000000,      0.000000000000,      0.000000000000,      0.000000000000,      0.000000000000,      0.000000000000,      0.000000000000,      0.000000000000,      0.000000000000,      0.000000000000,      0.000000000000,      0.000000000000,      0.000000000000,      0.000000000000
      0.000000000000,      0.334521190197,     -1.708008338661,      1.994724615944,      0.338774438457,     -1.183199532942,     -0.774720374808,      0.854733606158,      0.677725565428,     -0.538569735783,     -0.013638861753,     -0.212664606992,      0.257630194674,     -0.112990055222,     -0.001764244817,     -0.078447528358,      0.061045029278,     -0.122553014746,      0.093606430666,      0.041935889062,      0.000000000000,      0.000000000000,      0.000000000000,      0.000000000000,      0.000000000000,      0.000000000000,      0.000000000000,      0.000000000000,      0.000000000000,      0.000000000000,      0.000000000000,      0.000000000000,      0.000000000000,      0.000000000000,      0.000000000000,      0.000000000000
      0.000000000000,     -0.337104609459,     -2.110016876092,     -0.216890523589,      1.518831848619,      1.121632206059,      0.787894455567,     -0.945073721504,     -0.952696193495,      0.371285150300,      0.047048172063,      0.012758074010,     -0.230590146837,     -0.058533723962,      0.161702706398,      0.109217204990,      0.135304371940,      0.069023604710,     -0.051975287473,     -0.118248194086,      0.000000000000,      0.000000000000,      0.000000000000,      0.000000000000,      0.000000000000,      0.000000000000,      0.000000000000,      0.000000000000,      0.000000000000,      0.000000000000,      0.000000000000,      0.000000000000,      0.000000000000,      0.000000000000,      0.000000000000,      0.000000000000
      0.000000000000,     -1.960783590343,      0.293779585506,      0.284588216953,      1.801474150972,     -0.902619484508,     -0.923652342789,      0.843872870588,      0.899053730257,     -0.539563809142,     -0.002077039405,      0.034430422314,     -0.137805189018,      0.257523250329,     -0.197401474015,     -0.067630271033,      0.055041860830,      0.060880979834,     -0.098738715349,      0.085845324006,      0.000000000000,      0.000000000000,      0.000000000000,      0.000000000000,      0.000000000000,      0.000000000000,      0.000000000000,      0.000000000000,      0.000000000000,      0.000000000000,      0.000000000000,      0.000000000000,      0.000000000000,      0.000000000000,      0.000000000000,      0.000000000000
      0.000000000000,     -0.393463646103,      1.778025179810,     -0.408585656646,     -1.827746114393,      0.972164988605,      0.857640695815,     -1.094078159364,     -0.741011666621,      0.486966608545,     -0.002398785325,      0.002725638529,      0.220099220473,      0.101348598839,      0.177498857238,      0.067657963051,     -0.145128552996,     -0.055757102389,     -0.039460280776,     -0.071159392843,      0.000000000000,      0.000000000000,      0.000000000000,      0.000000000000,      0.000000000000,      0.000000000000,      0.000000000000,      0.000000000000,      0.000000000000,      0.000000000000,      0.000000000000,      0.000000000000,      0.000000000000,      0.000000000000,      0.000000000000,      0.000000000000
      0.000000000000,      0.098997695495,      1.705636152912,     -0.041168262978,     -2.027087442775,     -1.075320972632,      0.893983233182,     -0.921450085426,      0.865591217831,      0.006841659029,      0.355842459054,     -0.267011793889,      0.009725412873,     -0.108709497474,      0.086565180568,      0.141431312827,     -0.048863435517,      0.126706180657,      0.064793575158,     -0.102709040918,      0.000000000000,      0.000000000000,      0.000000000000,      0.000000000000,      0.000000000000,      0.000000000000,      0.000000000000,      0.000000000000,      0.000000000000,      0.000000000000,      0.000000000000,      0.000000000000,      0.000000000000,      0.000000000000,      0.000000000000,      0.000000000000
      0.000000000000,      1.668637102868,     -2.243227260513,     -0.376458534960,     -0.085593998175,      0.972042124886,      0.807214171881,     -1.009822702383,     -0.868779870237,      0.017226063196,      0.033602285145,      0.429912777010,     -0.238391937528,      0.198115818548,      0.105661585447,      0.149742288635,     -0.105870008682,      0.068224251562,     -0.026025788389,     -0.086916130797,      0.000000000000,      0.000000000000,      0.000000000000,      0.000000000000,      0.000000000000,      0.000000000000,      0.000000000000,      0.000000000000,      0.000000000000,      0.000000000000,      0.000000000000,      0.000000000000,      0.000000000000,      0.000000000000,      0.000000000000,      0.000000000000
      0.000000000000,     -0.149033963806,      1.770218767583,     -1.810633960571,      0.021120206513,     -1.049609119320,      1.037194857909,     -0.951226581127,      0.757683298844,      0.001135219186,      0.388356577865,     -0.333505528159,      0.110817741655,      0.002785192415,     -0.114099766308,      0.185263761726,     -0.177577995571,      0.117319106727,      0.045085424907,     -0.053006481306,      0.000000000000,      0.000000000000,      0.000000000000,      0.000000000000,      0.000000000000,      0.000000000000,      0.000000000000,      0.000000000000,      0.000000000000,      0.000000000000,      0.000000000000,      0.000000000000,      0.000000000000,      0.000000000000,      0.000000000000,      0.000000000000
      0.000000000000,      0.039788234226,     -1.886815993306,      1.849519195559,      0.121680888017,      1.062799337037,     -0.877457181998,      0.802836339334,     -0.753972381932,      0.021439583844,      0.365803614651,     -0.165215161779,     -0.346617281829,      0.008477342497,      0.112314048903,      0.173970865983,     -0.168651148901,     -0.133838243875,      0.108898688254,     -0.044440501012,      0.000000000000,      0.000000000000,      0.000000000000,      0.000000000000,      0.000000000000,      0.000000000000,      0.000000000000,      0.000000000000,      0.000000000000,      0.000000000000,      0.000000000000,      0.000000000000,      0.000000000000,      0.000000000000,      0.000000000000,      0.000000000000
      0.000000000000,     -0.243010422784,      1.878698929229,     -0.069277107260,     -1.549633171630,     -0.995045024836,      0.901034322597,      0.867425901864,     -0.884046892299,     -0.428216693839,     -0.030361515988,      0.399906087912,     -0.009981050352,      0.063200911712,      0.152570931100,     -0.075441574670,      0.142282674812,      0.054610933987,     -0.089233499692,     -0.078300385221,      0.000000000000,      0.000000000000,      0.000000000000,      0.000000000000,      0.000000000000,      0.000000000000,      0.000000000000,      0.000000000000,      0.000000000000,      0.000000000000,      0.000000000000,      0.000000000000,      0.000000000000,      0.000000000000,      0.000000000000,      0.000000000000
      0.000000000000,      0.292981223677,     -1.579350503685,      1.831025606457,      0.214279423703,     -0.909240955959,      0.897160395040,     -0.728110119805,      0.800334777029,     -0.389122283665,     -0.266398594340,     -0.118003688999,     -0.251453661639,     -0.002037970156,      0.277208927102,     -0.025447705695,      0.058912200191,      0.099775349284,      0.040766251909,      0.084739277879,      0.000000000000,      0.000000000000,      0.000000000000,      0.000000000000,      0.000000000000,      0.000000000000,      0.000000000000,      0.000000000000,      0.000000000000,      0.000000000000,      0.000000000000,      0.000000000000,      0.000000000000,      0.000000000000,      0.000000000000,      0.000000000000
      0.000000000000,      1.904749044730,     -0.291381205750,     -1.732597680748,     -0.317196337815,      0.992014175913,      0.861684456065,     -0.750503682175,     -0.602678361190,      0.479949939750,     -0.398249389963,     -0.018370100603,      0.001722082682,      0.206735808186,      0.087019461417,      0.170295922948,     -0.084656092556,      0.057736821714,     -0.084699013127,     -0.045899073295,      0.000000000000,      0.000000000000,      0.000000000000,      0.000000000000,      0.000000000000,      0.000000000000,      0.000000000000,      0.000000000000,      0.000000000000,      0.000000000000,      0.000000000000,      0.000000000000,      0.000000000000,      0.000000000000,      0.000000000000,      0.000000000000
      0.000000000000,      0.294411006351,     -1.725719564954,      0.159359980620,      1.761138531983,     -1.063229788173,      0.976332905900,     -0.801190054032,      0.706867398743,     -0.009728454279,     -0.282393561510,     -0.276744565197,      0.291139610633,     -0.114750804559,     -0.203368554844,     -0.021259100454,      0.084794829716,      0.127059824775,      0.076043545262,      0.030517739694,      0.000000000000,      0.000000000000,      0.000000000000,      0.000000000000,      0.000000000000,      0.000000000000,      0.000000000000,      0.000000000000,      0.000000000000,      0.000000000000,      0.000000000000,      0.000000000000,      0.000000000000,      0.000000000000,      0.000000000000,      0.000000000000
      0.000000000000,      1.835045775268,     -0.319957991175,     -0.397623146589,     -1.767288061732,      1.073255542143,      0.768822688008,     -0.988683053664,     -0.682967098656,      0.516259523986,     -0.032743167941,     -0.002598673861,      0.261193972273,      0.119970404174,     -0.255399621843,      0.165105712647,     -0.089834481167,      0.046113798728,     -0.098379168772,     -0.027145298465,      0.000000000000,      0.000000000000,      0.000000000000,      0.000000000000,      0.000000000000,      0.000000000000,      0.000000000000,      0.000000000000,      0.000000000000,      0.000000000000,      0.000000000000,      0.000000000000,      0.000000000000,      0.000000000000,      0.000000000000,      0.000000000000
