         1,         2,        22,       442,       525,        23,       446,       521,       529,         3,        43,        44,        24,       542,       625,       450,       517,       546,       621,       533
         2,        23,         1,         3,       446,        24,       450,        22,       442,        44,       525,       546,         4,        43,        25,       454,       521,       550,       529,       542
         3,         2,       450,        24,         4,        23,       446,       454,        25,         1,       550,         5,       546,       442,        45,       554,        22,        44,       458,        46
         4,        25,         5,       454,         3,        26,       458,        24,       450,         6,        46,        27,         2,       554,        47,       462,        23,        45,       558,       550
         5,         4,        26,         6,       458,        27,        25,       462,       454,        47,         7,       558,        28,         3,        48,        46,        24,       466,       450,       562
         6,       462,        27,         7,         5,        28,       458,       466,        26,         4,       562,         8,        48,       558,       566,       454,       470,        47,        25,        29
         7,        28,         6,         8,       466,        27,       462,        29,       470,         5,         9,        26,        49,       566,        50,        48,       458,       562,       474,       570
         8,       470,         9,         7,        29,       466,       474,        28,        30,       570,         6,       566,       462,        50,        10,        27,       574,       478,        51,        31
         9,       474,         8,        30,        10,       470,        29,       478,        31,       574,         7,        51,       570,       466,        11,       578,        32,        28,       482,        50
        10,       478,        11,        31,         9,       482,        32,        30,       474,        12,       578,       582,       486,        33,       574,         8,        52,        29,       470,        51
        11,        12,       482,        10,        32,       486,        31,        33,       478,       582,        13,        30,         9,       586,       490,       578,        34,        54,        53,       474
        12,        11,        33,       486,        13,       482,        32,        34,       490,        10,        54,       586,        31,       478,       582,        14,       590,       494,        53,        55
        13,       490,        14,        12,        34,       494,       486,        35,        33,        15,       590,        11,        36,       594,       498,        55,       586,       482,        54,        56
        14,        15,        35,       494,        13,        36,       498,       490,        34,        16,        56,       594,        57,       502,        12,       598,        37,       590,        55,       486
        15,        14,       498,        36,        16,       494,       502,        35,        37,        13,       598,       594,       490,        17,       602,        57,       506,        56,        34,        38
        16,       502,        17,        37,        15,       506,       498,        38,        36,       602,        18,        14,        39,       606,       510,        59,       598,        58,        35,       494
        17,        38,        18,       506,        16,        39,       510,        37,       502,       606,        59,        19,        15,        60,       514,       610,       602,       498,        36,        40
        18,        17,        39,       510,        19,        38,       514,       506,        40,        60,        16,       610,        20,        37,        59,       614,       606,       518,       502,        61
        19,       514,        20,        18,        40,       518,       510,        39,        41,       614,        21,        17,       618,        42,       610,       522,        38,        61,        60,       506
        20,        21,       518,        19,        41,        42,       522,        40,       514,        62,       443,       618,        18,       526,       447,       622,       614,        63,        61,       510
        21,        42,        20,       443,       522,       447,       518,        41,       526,        19,       543,       622,        63,        62,        40,       451,       514,       547,       618,       530
        22,        43,         1,       521,        23,        44,       517,       525,         2,        64,        24,       621,       442,       513,       617,         3,       625,       529,       446,        65
        23,         2,        24,        44,        22,         1,         3,        43,        45,       446,        25,       521,       450,        65,       442,         4,        46,       525,        64,       517
        24,        23,        25,        45,         3,         2,        46,        44,         4,        22,       450,         1,        66,        43,        26,        67,        65,         5,       446,       454
        25,         4,        24,        46,        26,         5,        45,         3,        47,        23,       454,        27,        67,        48,         2,       450,       458,         6,        44,        68
        26,        27,        47,         5,        25,        48,         4,         6,        46,        28,       458,         7,        68,        24,        49,        69,       462,        45,        67,       454
        27,        26,        28,         6,        48,         5,         7,        47,        49,       462,        25,         4,       458,       466,        69,        29,         8,        46,        50,        70
        28,         7,        27,        29,        49,         6,         8,        48,        50,        26,       466,        47,         5,       462,        70,       470,         9,        30,        69,        51
        29,        30,         8,        50,        28,         9,        51,         7,        49,       470,        31,       474,        27,        71,       466,        10,        52,        72,        70,         6
        30,        31,         9,        29,        51,        10,        52,         8,        50,        32,       474,       478,        11,        72,       470,        53,        28,         7,        71,        73
        31,        32,        30,        10,        52,        11,        51,        53,         9,        33,       478,        29,        12,       482,        54,       474,        73,        74,        72,         8
        32,        31,        11,        33,        53,        10,        52,        12,        54,        30,       482,        34,        51,        74,       478,         9,       486,        73,        13,        55
        33,        54,        34,        12,        32,        11,        53,        13,        55,        31,       486,        10,        52,       482,        75,        74,        35,       490,        76,        14
        34,        33,        55,        13,        35,        54,        12,        56,        14,        76,        32,        36,       490,        77,        53,        11,        75,       486,        57,       494
        35,        36,        56,        14,        34,        57,        15,        13,        55,        77,        37,       494,        78,        33,       498,        58,        16,       490,        54,        76
        36,        35,        15,        57,        14,        37,        56,        16,        58,       498,        78,        34,       494,        13,       502,        38,        77,        59,        17,        55
        37,        38,        16,        58,        36,        59,        17,        57,        15,        39,        80,       502,        35,        79,        18,        78,        60,       506,        56,        14
        38,        39,        17,        37,        59,        18,        60,        16,        58,       506,        80,        40,       510,        19,        36,       502,        61,        81,        15,        57
        39,        38,        60,        18,        40,        17,        59,        19,        61,        37,       510,        16,        80,        81,       506,        58,        41,       514,        20,        62
        40,        61,        41,        39,        19,        62,        60,        20,        18,        42,        82,        38,        63,       514,        83,        21,       518,        81,        59,        17
        41,        42,        62,        40,        20,        63,        61,        21,        19,       447,        83,        84,        82,       451,       518,        60,        39,       443,       522,        18
        42,        41,        21,       447,        63,        20,        62,       443,       451,        40,       522,        84,       518,        19,        61,       547,       526,       543,       455,       551
        43,        44,        64,        22,       517,        65,       521,        23,       513,         1,        45,       617,        24,        85,         2,        86,        66,       525,       509,       621
        44,        43,        23,        65,        45,        22,        64,        24,        66,         2,       517,         1,        86,        46,       521,       513,         3,        67,        25,        87
        45,        46,        24,        66,        44,        67,        65,        25,        23,        87,        43,        47,        88,        68,         3,         4,        64,        26,        86,         2
        46,        45,        67,        25,        47,        24,        68,        26,        66,        48,         4,        88,        44,         5,        65,        69,        23,        27,        87,         3
        47,        48,        26,        68,        46,        69,        27,        25,        67,        49,         5,        45,        28,         4,        70,        89,         6,        88,        90,        24
        48,        47,        69,        49,        27,        26,        68,        70,        28,        46,        50,        90,         6,         5,        25,        67,         7,        91,        89,        29
        49,        70,        50,        48,        28,        69,        71,        27,        29,        47,        91,         7,        51,        26,        92,        90,        68,        72,         6,         8
        50,        49,        29,        71,        51,        70,        72,        28,        30,        92,        48,        91,         8,        52,         7,        69,        93,        27,         9,        73
        51,        52,        30,        72,        50,        29,        71,        31,        73,        53,        93,         9,        32,        49,        94,        10,        70,         8,        74,        92
        52,        53,        51,        73,        31,        32,        72,        74,        30,        54,        94,        93,        33,        50,        10,        71,        95,        75,        29,        11
        53,        74,        52,        54,        32,        73,        75,        33,        31,        51,        95,        96,        55,        94,        72,        76,        34,        11,        30,        12
        54,        33,        53,        55,        75,        34,        74,        32,        76,        52,        12,        96,        31,        11,        73,        56,        77,        13,        35,        97
        55,        76,        34,        54,        56,        77,        75,        35,        33,        57,        97,        53,        96,        74,        98,        13,        78,        36,        14,        12
        56,        57,        77,        35,        55,        78,        36,        34,        76,        58,        14,        98,        99,        54,        37,        79,        15,        13,        75,        97
        57,        56,        78,        58,        36,        77,        35,        37,        79,        55,        99,        59,        14,        15,        98,        80,       100,        34,        76,        16
        58,        59,        79,        37,        80,        57,        78,        38,        36,        56,       100,       101,        60,        99,        81,        39,        77,        16,        35,        17
        59,        58,        80,        38,        60,        37,        39,        79,        81,        17,        57,       101,        78,        61,        16,        18,        36,       102,        40,       100
        60,        39,        61,        59,        81,        40,        38,        82,        80,        18,        62,        58,       102,        41,        37,        83,       103,        17,        19,       101
        61,        82,        40,        60,        62,        83,        41,        81,        39,        63,       103,        42,       102,        59,        19,       104,        84,        38,        20,        80
        62,        63,        41,        61,        83,        40,        42,        82,        84,        60,        20,       451,       104,        21,       447,       103,       105,       455,        19,        39
        63,        62,        84,       451,        42,        41,        83,       455,       447,        61,       105,        82,        40,       104,        21,       551,       459,        20,       555,       443
        64,        43,       513,        65,        85,        44,       517,        86,       509,        22,        66,       613,       106,       521,       617,        45,        87,       609,        23,       505
        65,        66,        86,        64,        44,        87,        45,        43,        85,        67,       107,       108,       513,        23,        46,       106,        24,        88,        22,       509
        66,        65,        87,        67,        45,        86,        88,        46,        44,       108,        64,        68,       107,        24,        43,        85,       109,        89,        23,        25
        67,        88,        46,        66,        68,        45,        87,        47,        89,        65,        69,        25,       109,        48,        24,       108,        90,        26,        44,        86
        68,        69,        67,        89,        47,        88,        90,        48,        46,        66,        70,        26,       110,        45,        49,        87,       109,       111,        91,        25
        69,        68,        70,        48,        90,        49,        47,        89,        91,        67,        88,       111,       112,        27,        26,        71,        50,        46,        92,        28
        70,        49,        91,        69,        71,        50,        92,        48,        90,       112,        68,        72,        28,        47,        89,       111,        51,        93,        27,        29
        71,        72,        92,        50,        70,        93,        91,        51,        49,        73,       113,        94,       112,       114,        29,        69,        52,        90,        30,       115
        72,        93,        71,        73,        51,        94,        52,        92,        50,       114,       115,        74,        70,        53,        95,        30,        91,       113,        29,        49
        73,        94,        72,        74,        52,        93,        95,        53,        51,       115,        71,        75,        96,       114,       116,        54,        31,        92,        32,        50
        74,        53,        75,        73,        95,        96,        54,        94,        52,        76,       116,        72,        55,        32,       117,        97,        33,        93,       115,        31
        75,        96,        76,        74,        54,        97,        55,        53,        95,       117,        77,        73,       118,       116,        33,        94,        34,        98,        52,        56
        76,        75,        55,        97,        77,        96,        54,        98,        56,        74,       118,        34,       117,        53,        95,       119,        78,        57,        33,        35
        77,        56,        78,        98,        76,        57,        55,        99,        97,        35,        75,        79,       119,        34,        58,       100,        36,        54,       118,        96
        78,        57,        79,        99,        77,        58,        56,       100,        98,        80,        59,        36,        35,       101,        37,       120,       121,        76,       119,        55
        79,        80,       100,        78,        58,       101,        99,        59,        57,       121,        81,        77,        37,       122,        98,       102,        56,       120,        60,        38
        80,        79,        59,        81,       101,        58,        60,       100,       102,        78,        38,        37,        99,        39,       122,        57,        82,       121,       103,        61
        81,       102,        80,        82,       101,       103,        60,        59,        61,       123,        79,        83,       122,        58,        39,       124,       100,        40,        38,       104
        82,        83,       103,        61,        81,        62,       102,       104,        60,        40,        63,        84,        41,       105,       124,       123,        80,       125,        39,       101
        83,        82,       104,       103,        62,        84,        61,        63,       105,       125,        81,       102,        41,       455,        60,        40,       126,       124,       459,        42
        84,        63,       455,       105,        83,       451,       459,       104,        62,       555,        82,        42,       126,        41,       551,       447,       559,        61,       463,       125
        85,        86,       106,       509,        64,       505,       107,       513,        65,       127,       609,        87,       128,       108,       501,        43,       605,        66,       613,       517
        86,        85,        65,       107,        87,       106,       108,        66,        64,       509,       128,        44,       127,       505,       513,        43,        88,        45,        67,       129
        87,       108,        66,        86,        88,        65,       107,        67,       109,        45,        85,        89,       129,       106,       128,        68,       110,       130,        46,        64
        88,        89,        67,        87,       109,        68,        66,       110,       108,        90,        46,       130,        69,        45,        47,        65,        86,       111,       107,       131
        89,        90,        88,       110,        68,       111,       109,        69,        67,       131,        87,       130,        91,       112,       132,        47,       108,        70,        66,        48
        90,        89,        69,       111,        91,        68,       112,       110,        70,        88,       132,        48,        92,       109,        49,       131,        67,        47,       133,        71
        91,        92,       112,        70,        90,        71,        69,       113,       111,        49,        93,        89,        50,       133,        72,       134,       114,       132,        68,        48
        92,        91,        71,       113,        93,       112,        70,       114,        72,       134,        50,       115,        90,        94,       135,        49,       111,        69,        73,       133
        93,        72,        94,       114,        92,       115,        73,        71,       113,        95,       135,        51,        91,        52,        74,        50,       116,        70,       112,       134
        94,        73,        95,        93,       115,        72,       114,        74,       116,        52,        96,        53,        92,        71,       136,        75,       117,       135,        51,       113
        95,       116,        94,        96,        74,        73,       115,       117,        75,        93,       137,       114,        53,       136,        97,        72,        76,        52,       118,       138
        96,        75,       117,        95,        97,        74,        76,       116,       118,        94,        54,        73,        53,        55,        98,       138,       115,        77,       139,       137
        97,       118,        76,        96,        98,       117,        75,       119,        77,        55,       139,        95,       116,        74,        99,       140,       120,       138,        56,        54
        98,       119,        99,        97,        77,       120,       118,        78,        76,       100,        56,       140,       121,        79,        57,        96,        55,        75,       141,       117
        99,       100,        98,        78,       120,        79,       121,       119,        77,       101,        57,        58,        80,       141,        97,        56,       122,       118,       142,       140
       100,        99,       121,        79,       101,        78,       120,       122,        80,        98,       119,        58,       142,        77,       141,        57,       102,        81,       143,        59
       101,        80,       122,       100,       102,        79,        81,       121,       123,        99,       103,        59,        58,        78,       143,       124,       144,       120,        60,        82
       102,       103,        81,       123,       101,       124,        82,       122,        80,        83,       144,       104,        60,        61,       125,       145,        79,       100,       121,        59
       103,       102,        82,        83,       104,        81,       124,       123,       125,        61,       101,       105,       145,        60,       122,        62,       144,        80,       126,       146
       104,       105,        83,       125,       103,       126,        82,        84,       124,       459,       146,       147,       102,        63,        62,       455,       463,       145,        61,       123
       105,       104,       459,        84,       126,       455,        83,       463,       125,        63,       147,       559,       103,        82,       451,       555,       146,        62,       563,       467
       106,        85,       127,       107,       505,       128,        86,       501,       509,       108,       129,       148,       605,        64,        87,        65,       149,       497,       513,       601
       107,       108,       106,       128,        86,        87,        85,       127,       129,        65,       109,       505,        66,       149,       130,       509,       501,        64,        88,       150
       108,        87,       107,       109,       129,        86,       128,        88,       130,        66,       106,       110,        65,        85,       127,        67,        89,       150,       151,       131
       109,       110,       130,       108,        88,        89,       131,       129,        87,       151,       107,       111,        67,        90,       152,        68,        66,       132,       128,       150
       110,       109,       131,        89,       130,       111,        88,        90,       132,       152,       108,       151,        68,       153,       112,       129,        87,       133,        67,        69
       111,       132,       112,        90,       110,        89,       131,       133,        91,       153,       109,        69,       113,       130,        92,       134,        88,       154,       152,        68
       112,        91,       111,       113,       133,        92,        90,       132,       134,        70,        89,        71,       114,       110,        69,       154,       155,       131,       135,       153
       113,       134,       114,        92,       112,       135,        91,        93,       133,       115,       155,        71,       111,       156,       154,       136,       132,        94,        72,        70
       114,       115,       135,       113,        93,        94,       136,        92,       134,        72,        95,       116,        73,       156,        71,       112,       155,       157,       137,        91
       115,       114,        94,       136,        93,       135,       116,        95,       137,        73,       113,        72,        92,       157,       134,       117,        74,        96,       156,       158
       116,        95,       117,       137,       115,        96,       136,       138,        94,       118,       158,        74,       114,        97,        75,       159,       139,        73,       135,        93
       117,       116,        96,       118,       138,        97,        95,       139,       137,        75,       159,        76,        74,       115,       119,        94,       136,       158,       140,        98
       118,        97,       117,       119,       139,       140,        98,       138,        96,        76,       120,       116,        75,       160,       159,       141,       161,        95,        77,        99
       119,       120,        98,       118,       140,        99,       141,        97,       139,       121,       100,       161,        77,       162,       117,       142,        76,        78,       138,       160
       120,       119,       141,       121,        99,       100,        98,       140,       142,       162,       118,       161,       122,        78,        97,       163,       139,        79,       143,       101
       121,       100,       120,       122,       142,        99,       101,       141,       143,        79,       119,       163,       123,        98,        78,        80,       162,       144,       102,       140
       122,       123,       101,       143,       121,       144,       102,       100,       142,       124,        81,       165,       164,        79,        80,       120,       103,       145,       163,        99
       123,       124,       102,       144,       122,       103,       145,       101,       143,        81,       165,       125,       121,       166,       146,        82,       104,        80,       100,       164
       124,       123,       145,       144,       125,       103,       102,       146,       104,       122,       166,       165,       126,       143,       167,       147,        82,        81,       101,        83
       125,       126,       146,       104,       147,       124,       145,       105,       103,       167,        83,       463,       123,       467,       459,       144,       102,       168,       166,        82
       126,       125,       147,       463,       105,       146,       104,       467,       459,       168,       145,       124,       167,        84,       563,        83,       471,       103,       455,       567
       127,       128,       106,       501,       148,       107,       149,       505,       497,       129,        85,       169,       170,        86,       601,       108,       150,       509,       605,       493
       128,       127,       107,       129,       106,       149,       108,       148,       150,        86,       501,       170,        85,       505,       130,        87,       497,       169,       109,       171
       129,       128,       150,       130,       108,       107,       151,       149,       109,       127,       171,       106,       170,        87,       131,       110,       148,       152,        86,       172
       130,       109,       131,       151,       110,       129,       152,       108,       150,        88,        89,       132,       128,       153,       111,       172,        87,       107,       171,       173
       131,       110,       130,       152,       132,       153,       151,       109,       111,        89,       133,       173,       174,       129,        90,       172,       112,       150,       154,        88
       132,       133,       153,       111,       131,       154,       112,       110,       152,       174,       134,        90,       130,       175,        89,       155,       113,       109,       151,       173
       133,       132,       154,       134,       112,       153,       155,       111,       113,       175,       131,       176,       174,       135,       156,        91,       152,       110,        92,        90
       134,       155,       113,       135,       133,       156,       154,       114,       112,       132,        92,       176,       136,       157,       115,       111,       175,        91,       177,       153
       135,       114,       134,       136,       156,       113,       115,       155,       157,       137,        93,       133,        92,        94,       177,       116,       154,       112,       158,       176
       136,       137,       157,       135,       115,       158,       116,       114,       156,       138,        95,       134,       178,       159,        94,       155,       117,       179,       113,       177
       137,       136,       158,       116,       138,       159,       157,       117,       115,       179,       135,       139,        95,       180,       114,       178,       156,        94,       160,       118
       138,       159,       139,       137,       117,       158,       160,       118,       116,       140,       180,       136,       161,       179,       181,        96,        97,        95,       119,       157
       139,       138,       140,       160,       118,       159,       161,       117,       119,       181,       137,       158,        97,       141,       180,       116,       182,       162,       120,        98
       140,       161,       139,       141,       119,       160,       162,       118,       120,       138,       182,       159,       142,        98,        97,       181,       117,       183,       163,       121
       141,       162,       120,       142,       140,       161,       119,       163,       121,       183,       139,       143,        99,       182,       160,       100,       118,       184,        98,       164
       142,       163,       141,       143,       121,       162,       164,       120,       122,       184,       185,       183,       140,       100,       144,       161,       165,       119,        99,       101
       143,       164,       144,       142,       122,       165,       163,       121,       123,       185,       145,       166,       141,       124,       101,       186,       184,       162,       120,       100
       144,       123,       165,       143,       145,       124,       122,       166,       164,       102,       146,       142,       186,       167,       125,       163,       187,       101,       103,       185
       145,       124,       166,       146,       144,       167,       125,       123,       165,       147,       126,       187,       143,       103,       122,       102,       104,       168,       188,       164
       146,       147,       125,       145,       167,       126,       124,       168,       166,       104,       467,       144,       463,       188,       105,       123,       471,       189,       165,       103
       147,       146,       126,       168,       467,       125,       167,       463,       471,       145,       105,       104,       189,       567,       124,       459,       166,       563,       188,       571
       148,       169,       149,       497,       127,       170,       493,       501,       128,       190,       597,       150,       106,       489,       171,       593,       191,       129,       601,       505
       149,       170,       148,       150,       169,       128,       171,       127,       129,       497,       191,       190,       493,       151,       107,       192,       501,       106,       172,       130
       150,       171,       151,       129,       149,       170,       172,       130,       128,       192,       152,       193,       169,       148,       191,       127,       173,       108,       109,       131
       151,       152,       130,       150,       172,       131,       129,       171,       173,       109,       193,       153,       110,       149,       174,       132,       192,       170,       128,       108
       152,       151,       153,       131,       173,       174,       172,       130,       132,       110,       150,       194,       193,       175,       154,       109,       133,       195,       171,       111
       153,       132,       152,       174,       154,       131,       133,       175,       173,       111,       151,       195,       110,       130,       155,       172,       176,       196,       194,       134
       154,       133,       175,       155,       153,       176,       134,       132,       174,       156,       196,       197,       195,       177,       152,       112,       113,       111,       135,       173
       155,       156,       134,       154,       176,       133,       135,       177,       175,       113,       157,       197,       114,       136,       153,       132,       112,       196,       198,       178
       156,       155,       157,       177,       135,       134,       176,       136,       178,       154,       198,       197,       199,       114,       133,       113,       175,       158,       137,       115
       157,       136,       156,       178,       158,       137,       135,       177,       179,       155,       199,       115,       134,       114,       159,       198,       176,       116,       180,       138
       158,       137,       159,       179,       157,       138,       180,       136,       178,       116,       160,       139,       200,       201,       181,       117,       156,       199,       135,       115
       159,       138,       158,       160,       180,       139,       137,       179,       181,       117,       161,       140,       201,       136,       116,       118,       157,       182,       202,       178
       160,       161,       181,       139,       159,       182,       140,       180,       138,       202,       162,       158,       203,       141,       118,       183,       201,       179,       137,       119
       161,       160,       162,       140,       182,       141,       139,       181,       183,       159,       119,       203,       163,       138,       120,       142,       202,       180,       184,       118
       162,       141,       161,       183,       163,       142,       140,       182,       184,       160,       120,       164,       119,       204,       139,       181,       185,       205,       143,       121
       163,       142,       164,       184,       162,       185,       143,       183,       141,       165,       205,       121,       161,       186,       122,       120,       144,       206,       182,       140
       164,       185,       165,       163,       143,       186,       184,       142,       144,       166,       206,       187,       205,       122,       183,       162,       207,       141,       145,       123
       165,       166,       164,       144,       186,       143,       187,       145,       185,       163,       123,       124,       167,       122,       207,       142,       146,       208,       206,       184
       166,       165,       145,       187,       167,       144,       186,       146,       188,       124,       164,       143,       208,       123,       207,       168,       147,       185,       125,       189
       167,       146,       166,       168,       188,       145,       147,       189,       187,       125,       471,       165,       126,       209,       124,       467,       144,       475,       208,       186
       168,       471,       189,       167,       147,       467,       475,       146,       188,       571,       126,       567,       463,       575,       210,       166,       125,       479,       145,       209
       169,       170,       148,       190,       149,       493,       191,       497,       489,       171,       211,       127,       150,       212,       192,       593,       128,       501,       485,       597
       170,       169,       149,       171,       191,       148,       150,       190,       192,       493,       128,       212,       129,       497,       127,       211,       489,       213,       172,       151
       171,       150,       170,       192,       172,       149,       193,       151,       191,       169,       129,       213,       212,       190,       148,       173,       152,       128,       214,       130
       172,       193,       173,       151,       171,       194,       152,       192,       150,       174,       214,       213,       215,       153,       130,       195,       170,       131,       129,       191
       173,       174,       172,       194,       152,       193,       195,       153,       151,       175,       131,       215,       171,       216,       196,       150,       192,       214,       132,       154
       174,       173,       175,       153,       195,       152,       194,       154,       196,       172,       132,       176,       133,       216,       131,       193,       151,       197,       215,       217
       175,       154,       174,       176,       196,       195,       153,       197,       155,       133,       173,       177,       132,       152,       156,       217,       194,       134,       198,       218
       176,       197,       175,       177,       155,       196,       154,       156,       198,       218,       174,       195,       134,       133,       153,       199,       178,       217,       157,       219
       177,       198,       156,       176,       178,       197,       199,       157,       155,       219,       218,       196,       175,       154,       179,       135,       134,       200,       220,       136
       178,       199,       179,       177,       157,       200,       198,       158,       156,       180,       220,       221,       201,       136,       219,       137,       197,       176,       159,       155
       179,       180,       158,       178,       200,       201,       159,       199,       157,       137,       181,       221,       202,       138,       160,       222,       177,       136,       220,       156
       180,       179,       201,       181,       159,       158,       160,       202,       200,       138,       178,       182,       222,       139,       203,       137,       223,       221,       161,       199
       181,       202,       160,       182,       180,       203,       201,       161,       159,       223,       179,       139,       183,       204,       138,       224,       140,       162,       158,       222
       182,       181,       161,       203,       183,       160,       202,       162,       204,       140,       180,       184,       224,       141,       223,       139,       205,       159,       201,       163
       183,       184,       162,       182,       204,       205,       163,       161,       203,       185,       141,       142,       181,       164,       225,       160,       206,       140,       202,       224
       184,       205,       183,       185,       163,       206,       164,       204,       162,       142,       182,       186,       226,       227,       225,       161,       141,       143,       203,       207
       185,       164,       184,       186,       206,       163,       205,       165,       207,       143,       183,       187,       142,       227,       162,       166,       144,       208,       204,       226
       186,       187,       207,       185,       165,       164,       206,       208,       166,       184,       228,       227,       163,       144,       205,       143,       188,       209,       229,       145
       187,       186,       208,       166,       207,       188,       165,       209,       167,       185,       164,       189,       145,       206,       229,       230,       144,       228,       146,       168
       188,       189,       209,       167,       187,       208,       210,       168,       166,       230,       475,       479,       186,       207,       231,       146,       471,       229,       145,       147
       189,       188,       168,       475,       210,       209,       167,       471,       479,       187,       231,       575,       230,       147,       208,       166,       146,       467,       483,       571
       190,       191,       211,       169,       489,       170,       212,       493,       485,       148,       192,       149,       589,       232,       213,       171,       233,       497,       593,       585
       191,       212,       190,       192,       211,       170,       213,       169,       171,       233,       489,       149,       232,       485,       193,       493,       148,       214,       150,       234
       192,       213,       193,       171,       191,       212,       214,       172,       170,       150,       234,       190,       194,       211,       169,       233,       235,       149,       215,       173
       193,       172,       194,       192,       214,       173,       171,       213,       215,       151,       150,       152,       235,       195,       191,       174,       216,       212,       234,       236
       194,       173,       193,       215,       195,       172,       216,       174,       214,       236,       192,       152,       235,       196,       175,       213,       237,       217,       153,       151
       195,       196,       174,       216,       194,       175,       173,       217,       215,       197,       176,       153,       237,       193,       154,       238,       218,       172,       152,       236
       196,       197,       195,       175,       176,       217,       218,       174,       216,       198,       154,       177,       194,       238,       173,       153,       219,       155,       239,       237
       197,       176,       198,       196,       218,       177,       175,       219,       217,       199,       195,       156,       155,       154,       239,       178,       174,       240,       238,       220
       198,       197,       177,       199,       219,       218,       176,       178,       220,       196,       156,       240,       200,       217,       241,       157,       239,       175,       155,       221
       199,       178,       198,       200,       177,       220,       219,       221,       179,       197,       157,       241,       218,       156,       201,       176,       158,       242,       240,       180
       200,       221,       201,       179,       199,       222,       178,       220,       180,       242,       202,       243,       241,       198,       223,       158,       219,       181,       177,       157
       201,       200,       180,       222,       202,       179,       221,       223,       181,       203,       243,       178,       159,       199,       160,       158,       182,       220,       244,       224
       202,       203,       181,       223,       201,       182,       180,       224,       222,       160,       204,       200,       244,       179,       243,       245,       161,       221,       225,       159
       203,       202,       224,       204,       182,       223,       181,       225,       183,       201,       245,       161,       222,       160,       244,       205,       180,       184,       246,       162
       204,       225,       205,       203,       183,       224,       184,       182,       226,       202,       246,       223,       245,       206,       181,       162,       227,       247,       161,       185
       205,       184,       204,       206,       226,       183,       185,       225,       227,       163,       164,       203,       186,       207,       182,       247,       224,       162,       248,       228
       206,       227,       207,       205,       185,       186,       226,       184,       228,       164,       208,       248,       187,       204,       183,       163,       247,       229,       225,       249
       207,       208,       186,       206,       228,       187,       229,       227,       185,       209,       249,       230,       165,       164,       188,       205,       166,       250,       226,       248
       208,       207,       209,       187,       229,       230,       186,       188,       228,       206,       250,       166,       210,       227,       189,       249,       251,       231,       165,       185
       209,       188,       230,       208,       210,       189,       187,       229,       231,       207,       251,       479,       167,       186,       475,       166,       228,       483,       168,       250
       210,       479,       231,       209,       189,       483,       230,       475,       188,       579,       252,       251,       487,       583,       208,       168,       575,       229,       471,       167
       211,       212,       190,       232,       485,       191,       233,       489,       481,       213,       169,       585,       192,       253,       170,       493,       589,       234,       581,       477
       212,       191,       213,       211,       233,       192,       190,       232,       234,       214,       170,       485,       169,       171,       489,       254,       193,       481,       235,       255
       213,       192,       212,       214,       234,       191,       233,       193,       235,       211,       171,       215,       172,       190,       255,       256,       232,       170,       194,       236
       214,       235,       213,       215,       193,       234,       192,       236,       194,       256,       212,       172,       216,       255,       233,       191,       171,       173,       257,       237
       215,       236,       216,       194,       214,       235,       237,       193,       195,       257,       213,       173,       256,       234,       217,       172,       238,       192,       258,       174
       216,       215,       237,       195,       217,       194,       238,       236,       196,       235,       214,       258,       174,       257,       173,       259,       218,       239,       193,       175
       217,       238,       218,       216,       196,       239,       237,       195,       197,       259,       219,       240,       260,       215,       198,       175,       176,       194,       236,       258
       218,       219,       217,       197,       239,       198,       240,       196,       238,       176,       220,       177,       199,       260,       241,       259,       195,       216,       237,       261
       219,       218,       240,       198,       220,       241,       199,       239,       197,       261,       177,       217,       221,       242,       178,       200,       196,       260,       262,       238
       220,       241,       221,       219,       242,       199,       200,       240,       198,       222,       262,       178,       218,       263,       243,       261,       201,       177,       179,       239
       221,       200,       222,       220,       242,       201,       243,       241,       199,       179,       223,       178,       219,       263,       264,       180,       202,       244,       198,       240
       222,       243,       221,       201,       223,       200,       244,       202,       242,       264,       220,       224,       180,       203,       245,       179,       181,       263,       241,       265
       223,       202,       224,       222,       244,       203,       245,       243,       201,       181,       225,       221,       204,       182,       200,       180,       265,       246,       264,       242
       224,       245,       203,       225,       223,       204,       244,       202,       246,       182,       222,       226,       266,       243,       181,       205,       267,       201,       183,       247
       225,       204,       224,       246,       226,       245,       247,       205,       203,       267,       223,       227,       244,       183,       184,       248,       266,       268,       202,       206
       226,       227,       247,       225,       205,       248,       206,       246,       204,       228,       268,       184,       224,       269,       267,       249,       207,       245,       185,       183
       227,       226,       206,       228,       248,       247,       207,       249,       205,       229,       225,       185,       269,       186,       208,       184,       250,       270,       204,       246
       228,       249,       227,       229,       207,       250,       248,       206,       208,       270,       226,       230,       247,       186,       271,       269,       251,       209,       187,       205
       229,       250,       230,       228,       208,       249,       251,       207,       209,       231,       227,       271,       187,       270,       252,       248,       272,       206,       188,       210
       230,       209,       229,       231,       251,       208,       210,       250,       252,       188,       228,       483,       207,       189,       272,       249,       187,       479,       273,       487
       231,       210,       230,       252,       483,       251,       487,       209,       479,       273,       229,       583,       189,       272,       188,       250,       491,       208,       587,       475
       232,       233,       481,       253,       211,       485,       477,       212,       254,       581,       190,       234,       191,       274,       489,       213,       585,       577,       473,       255
       233,       232,       212,       234,       254,       211,       253,       213,       255,       191,       481,       214,       485,       192,       256,       235,       190,       275,       477,       276
       234,       255,       235,       233,       213,       256,       214,       254,       212,       236,       192,       276,       232,       215,       277,       253,       191,       257,       211,       193
       235,       236,       214,       256,       234,       215,       255,       257,       213,       277,       216,       193,       237,       194,       233,       258,       192,       212,       276,       254
       236,       235,       215,       257,       237,       216,       256,       258,       214,       234,       194,       238,       277,       278,       255,       279,       217,       193,       213,       259
       237,       238,       216,       258,       236,       217,       259,       257,       215,       239,       279,       260,       235,       195,       280,       218,       194,       278,       196,       256
       238,       237,       217,       259,       239,       216,       260,       258,       218,       280,       236,       240,       257,       196,       215,       195,       279,       219,       281,       261
       239,       238,       260,       240,       259,       218,       217,       219,       261,       237,       280,       281,       241,       282,       197,       216,       258,       198,       196,       220
       240,       261,       219,       241,       239,       218,       260,       220,       262,       282,       259,       242,       238,       198,       217,       281,       283,       263,       199,       197
       241,       220,       242,       240,       262,       219,       261,       263,       221,       199,       283,       200,       239,       218,       243,       264,       198,       282,       222,       284
       242,       241,       263,       221,       243,       220,       264,       262,       222,       200,       240,       284,       219,       261,       283,       244,       201,       265,       199,       285
       243,       222,       244,       264,       242,       221,       223,       265,       263,       245,       201,       200,       220,       241,       202,       224,       286,       285,       266,       262
       244,       245,       243,       223,       265,       224,       222,       266,       264,       246,       286,       202,       203,       287,       225,       242,       267,       201,       221,       263
       245,       244,       224,       246,       266,       225,       223,       267,       265,       203,       243,       287,       204,       222,       202,       247,       288,       264,       286,       226
       246,       267,       225,       245,       247,       266,       268,       224,       226,       288,       244,       248,       204,       289,       287,       269,       265,       223,       227,       203
       247,       248,       226,       268,       246,       269,       267,       227,       225,       289,       249,       228,       288,       270,       245,       205,       290,       266,       206,       204
       248,       247,       227,       269,       249,       226,       228,       270,       268,       250,       206,       246,       289,       290,       267,       225,       229,       271,       291,       207
       249,       250,       228,       270,       248,       229,       271,       227,       269,       251,       291,       247,       207,       230,       208,       226,       272,       206,       292,       268
       250,       249,       229,       271,       251,       270,       228,       230,       272,       248,       252,       208,       292,       291,       227,       231,       207,       273,       269,       209
       251,       252,       230,       272,       250,       231,       229,       273,       271,       487,       249,       209,       210,       483,       491,       293,       228,       208,       270,       294
       252,       273,       251,       231,       487,       272,       491,       483,       230,       294,       210,       250,       587,       229,       495,       271,       293,       591,       479,       583
       253,       254,       232,       274,       477,       233,       275,       473,       481,       255,       295,       276,       577,       211,       296,       234,       469,       485,       573,       212
       254,       253,       275,       255,       233,       276,       274,       232,       234,       256,       296,       477,       295,       277,       212,       473,       297,       481,       235,       211
       255,       256,       234,       276,       254,       277,       235,       275,       233,       253,       257,       297,       214,       213,       236,       232,       296,       212,       298,       274
       256,       255,       235,       277,       234,       257,       236,       276,       278,       214,       254,       215,       258,       233,       275,       213,       279,       298,       297,       299
       257,       258,       236,       278,       279,       256,       277,       237,       235,       215,       299,       255,       259,       238,       216,       300,       280,       234,       214,       276
       258,       257,       279,       237,       278,       259,       280,       236,       238,       300,       260,       277,       256,       216,       301,       299,       235,       215,       239,       217
       259,       260,       238,       280,       239,       258,       237,       281,       279,       217,       261,       240,       282,       257,       301,       218,       216,       302,       236,       278
       260,       259,       281,       239,       280,       261,       282,       238,       240,       302,       258,       237,       217,       303,       218,       262,       301,       279,       219,       283
       261,       282,       240,       262,       260,       283,       241,       281,       239,       259,       303,       219,       263,       220,       280,       242,       284,       304,       218,       302
       262,       283,       263,       261,       241,       284,       282,       242,       240,       264,       304,       220,       305,       303,       260,       281,       285,       219,       243,       221
       263,       264,       262,       242,       284,       283,       241,       285,       243,       261,       265,       305,       220,       221,       286,       222,       240,       306,       282,       304
       264,       263,       243,       265,       285,       242,       286,       284,       244,       262,       222,       221,       283,       241,       306,       287,       266,       245,       223,       305
       265,       286,       264,       244,       266,       287,       285,       243,       245,       263,       307,       308,       267,       284,       288,       306,       223,       242,       246,       222
       266,       287,       267,       265,       245,       288,       246,       286,       244,       308,       268,       309,       224,       289,       225,       264,       247,       307,       285,       243
       267,       246,       268,       288,       266,       247,       289,       245,       287,       269,       225,       309,       226,       248,       265,       308,       244,       310,       224,       290
       268,       289,       269,       267,       247,       288,       246,       290,       248,       310,       266,       226,       311,       270,       309,       291,       225,       287,       227,       249
       269,       268,       248,       290,       270,       289,       247,       291,       249,       311,       267,       271,       288,       310,       227,       226,       246,       228,       312,       250
       270,       271,       249,       291,       269,       250,       248,       292,       290,       228,       272,       268,       312,       229,       313,       247,       289,       293,       227,       251
       271,       270,       292,       250,       272,       291,       249,       293,       251,       313,       269,       229,       273,       314,       312,       290,       228,       294,       248,       252
       272,       273,       251,       293,       271,       252,       294,       250,       292,       491,       314,       270,       495,       231,       487,       230,       229,       249,       315,       313
       273,       252,       272,       491,       294,       487,       251,       495,       293,       231,       591,       271,       483,       587,       250,       315,       230,       595,       499,       314
       274,       295,       473,       275,       253,       296,       469,       254,       477,       316,       276,       573,       465,       232,       569,       317,       577,       481,       297,       255
       275,       276,       296,       254,       274,       295,       253,       297,       255,       277,       317,       473,       316,       298,       256,       233,       318,       469,       234,       477
       276,       275,       255,       297,       277,       254,       296,       256,       298,       274,       234,       253,       295,       318,       319,       278,       299,       233,       235,       257
       277,       256,       276,       278,       298,       255,       257,       297,       299,       279,       235,       275,       319,       258,       236,       234,       254,       300,       296,       320
       278,       279,       299,       257,       277,       300,       258,       298,       256,       320,       301,       280,       321,       236,       319,       297,       276,       237,       259,       255
       279,       278,       258,       300,       257,       280,       299,       301,       259,       277,       321,       237,       236,       320,       281,       322,       260,       238,       302,       256
       280,       281,       259,       301,       260,       279,       302,       258,       300,       282,       238,       278,       239,       303,       322,       237,       261,       257,       323,       321
       281,       282,       280,       302,       260,       303,       261,       259,       301,       323,       283,       239,       324,       240,       304,       262,       279,       322,       300,       258
       282,       281,       261,       303,       283,       260,       262,       302,       304,       280,       240,       259,       324,       284,       239,       323,       301,       241,       305,       263
       283,       262,       284,       304,       282,       305,       261,       263,       303,       281,       241,       285,       264,       242,       325,       306,       240,       324,       260,       302
       284,       283,       305,       263,       285,       262,       306,       304,       264,       286,       242,       282,       326,       261,       265,       303,       327,       241,       325,       243
       285,       286,       306,       284,       264,       265,       307,       305,       263,       287,       327,       328,       283,       308,       262,       243,       326,       266,       304,       244
       286,       265,       285,       287,       307,       264,       266,       308,       306,       328,       284,       244,       288,       263,       243,       309,       245,       327,       305,       267
       287,       266,       286,       308,       288,       265,       309,       307,       267,       285,       245,       244,       246,       328,       329,       289,       264,       268,       306,       310
       288,       267,       309,       289,       287,       266,       268,       308,       310,       246,       290,       311,       269,       247,       286,       330,       331,       265,       307,       245
       289,       268,       290,       310,       288,       269,       311,       267,       309,       247,       291,       331,       246,       248,       266,       312,       270,       287,       308,       332
       290,       311,       289,       291,       269,       312,       310,       268,       270,       332,       288,       292,       331,       313,       248,       333,       271,       309,       247,       267
       291,       292,       270,       312,       290,       271,       313,       269,       311,       293,       289,       249,       333,       250,       314,       334,       268,       332,       248,       310
       292,       313,       293,       291,       271,       314,       312,       270,       272,       334,       294,       335,       290,       315,       250,       333,       311,       249,       269,       273
       293,       314,       292,       294,       272,       313,       315,       271,       273,       335,       291,       495,       334,       336,       312,       270,       251,       499,       252,       250
       294,       293,       495,       315,       273,       272,       314,       499,       491,       336,       292,       252,       595,       335,       271,       313,       503,       251,       487,       599
       295,       296,       316,       274,       469,       275,       317,       465,       473,       253,       297,       276,       569,       337,       254,       318,       461,       477,       565,       573
       296,       295,       275,       317,       297,       316,       274,       276,       318,       469,       254,       298,       338,       253,       319,       465,       473,       337,       339,       255
       297,       298,       318,       276,       319,       296,       275,       277,       317,       299,       339,       340,       295,       255,       278,       320,       316,       254,       256,       338
       298,       319,       297,       299,       277,       318,       320,       276,       278,       340,       296,       339,       300,       275,       317,       341,       256,       279,       321,       255
       299,       278,       320,       298,       300,       319,       279,       321,       277,       297,       301,       257,       341,       340,       322,       318,       258,       276,       342,       256
       300,       301,       321,       279,       299,       278,       322,       320,       280,       258,       302,       342,       298,       323,       257,       343,       277,       281,       319,       341
       301,       300,       322,       302,       280,       321,       323,       279,       281,       343,       303,       278,       299,       320,       258,       259,       260,       344,       282,       342
       302,       323,       301,       303,       281,       322,       280,       324,       282,       300,       344,       260,       321,       343,       304,       345,       259,       279,       325,       261
       303,       302,       324,       282,       304,       281,       323,       283,       325,       261,       301,       305,       345,       280,       260,       262,       344,       322,       284,       346
       304,       305,       325,       303,       283,       324,       284,       326,       282,       306,       262,       346,       302,       345,       281,       323,       327,       261,       347,       285
       305,       304,       284,       306,       326,       283,       325,       285,       327,       303,       263,       262,       324,       347,       346,       348,       282,       307,       286,       264
       306,       327,       285,       305,       307,       326,       284,       328,       286,       348,       304,       283,       264,       349,       308,       325,       265,       347,       263,       329
       307,       328,       308,       286,       329,       306,       287,       327,       285,       349,       309,       265,       348,       330,       350,       288,       326,       266,       305,       284
       308,       309,       307,       287,       329,       328,       288,       330,       286,       266,       310,       265,       351,       285,       331,       267,       306,       350,       289,       349
       309,       308,       288,       310,       330,       287,       331,       289,       329,       307,       311,       267,       266,       351,       268,       328,       290,       286,       352,       332
       310,       311,       331,       309,       289,       290,       288,       330,       332,       268,       308,       312,       352,       269,       267,       353,       351,       333,       291,       329
       311,       290,       310,       312,       332,       289,       331,       291,       333,       269,       309,       268,       313,       288,       353,       330,       352,       270,       292,       334
       312,       313,       333,       291,       311,       332,       290,       292,       334,       310,       314,       354,       270,       331,       335,       271,       289,       293,       353,       269
       313,       292,       312,       334,       314,       291,       293,       335,       333,       271,       315,       311,       290,       332,       355,       270,       356,       294,       354,       272
       314,       293,       335,       315,       313,       292,       294,       334,       336,       356,       272,       312,       499,       271,       291,       355,       333,       495,       503,       357
       315,       336,       314,       294,       499,       335,       293,       503,       495,       357,       356,       313,       334,       292,       599,       507,       272,       273,       603,       595
       316,       295,       317,       465,       337,       296,       469,       461,       338,       274,       318,       565,       275,       473,       359,       358,       569,       297,       339,       561
       317,       316,       338,       296,       318,       337,       295,       339,       297,       359,       465,       319,       275,       461,       360,       358,       340,       274,       469,       298
       318,       319,       339,       297,       317,       340,       298,       338,       296,       360,       316,       276,       361,       320,       359,       299,       295,       275,       337,       341
       319,       298,       318,       340,       297,       320,       299,       339,       341,       361,       277,       317,       276,       278,       296,       321,       338,       300,       362,       360
       320,       321,       299,       341,       319,       300,       342,       298,       340,       322,       278,       362,       301,       318,       361,       279,       363,       343,       297,       339
       321,       322,       300,       320,       342,       301,       299,       343,       341,       323,       279,       302,       278,       363,       319,       344,       280,       298,       364,       362
       322,       321,       301,       343,       323,       300,       302,       342,       344,       320,       280,       364,       341,       299,       324,       279,       281,       303,       345,       363
       323,       302,       344,       324,       322,       343,       303,       301,       345,       321,       281,       325,       300,       280,       304,       364,       366,       282,       365,       346
       324,       325,       303,       345,       323,       304,       344,       346,       302,       366,       282,       305,       326,       281,       343,       322,       283,       301,       347,       367
       325,       346,       324,       304,       326,       345,       347,       305,       303,       367,       323,       344,       366,       368,       327,       283,       306,       302,       348,       284
       326,       327,       347,       305,       325,       348,       306,       346,       304,       368,       369,       328,       349,       324,       367,       284,       285,       307,       345,       283
       327,       348,       326,       306,       328,       349,       307,       347,       305,       369,       285,       329,       368,       325,       370,       304,       284,       350,       346,       286
       328,       307,       329,       349,       327,       308,       348,       306,       350,       330,       286,       326,       285,       351,       370,       309,       287,       369,       371,       305
       329,       328,       330,       350,       308,       351,       307,       349,       309,       371,       327,       348,       331,       370,       287,       352,       372,       310,       306,       286
       330,       351,       329,       331,       309,       352,       308,       310,       350,       328,       372,       307,       332,       353,       288,       349,       311,       373,       371,       289
       331,       310,       352,       330,       332,       311,       353,       309,       351,       333,       289,       290,       373,       329,       312,       308,       288,       372,       374,       354
       332,       333,       353,       331,       311,       312,       354,       352,       310,       334,       290,       313,       374,       330,       375,       373,       291,       355,       289,       351
       333,       332,       334,       312,       354,       313,       353,       355,       311,       335,       375,       331,       291,       356,       290,       292,       376,       352,       314,       310
       334,       335,       333,       355,       313,       356,       354,       314,       312,       292,       332,       376,       315,       293,       336,       375,       291,       353,       357,       311
       335,       314,       334,       356,       336,       315,       355,       313,       357,       293,       333,       292,       503,       294,       312,       354,       377,       499,       376,       507
       336,       315,       503,       357,       335,       499,       507,       314,       356,       603,       294,       599,       495,       334,       293,       607,       378,       355,       511,       377
       337,       358,       338,       461,       359,       316,       317,       457,       465,       379,       339,       380,       561,       360,       295,       453,       557,       318,       296,       565
       338,       359,       339,       317,       337,       360,       318,       358,       316,       380,       340,       381,       461,       379,       296,       361,       319,       457,       297,       295
       339,       340,       338,       360,       318,       361,       359,       319,       317,       381,       297,       337,       341,       380,       362,       298,       382,       358,       296,       316
       340,       339,       361,       319,       341,       318,       362,       360,       320,       298,       338,       382,       297,       342,       299,       317,       381,       359,       363,       321
       341,       362,       342,       320,       340,       361,       363,       321,       319,       383,       339,       382,       299,       343,       384,       322,       298,       364,       318,       300
       342,       341,       363,       343,       321,       320,       362,       322,       364,       384,       361,       344,       300,       340,       383,       323,       301,       385,       365,       299
       343,       344,       322,       364,       342,       323,       321,       365,       363,       345,       301,       302,       366,       341,       324,       320,       385,       300,       386,       384
       344,       345,       343,       323,       365,       366,       324,       364,       322,       346,       302,       325,       342,       386,       303,       321,       301,       367,       385,       363
       345,       344,       366,       346,       324,       325,       323,       365,       367,       343,       364,       303,       347,       304,       302,       387,       322,       388,       386,       368
       346,       325,       345,       367,       347,       366,       368,       324,       326,       344,       388,       304,       365,       348,       305,       323,       387,       327,       303,       389
       347,       368,       326,       346,       348,       367,       369,       325,       327,       389,       388,       390,       345,       349,       305,       366,       370,       306,       304,       324
       348,       327,       349,       369,       347,       326,       370,       328,       368,       306,       350,       390,       307,       329,       346,       305,       371,       367,       325,       389
       349,       348,       350,       370,       328,       329,       369,       327,       371,       307,       351,       326,       347,       391,       330,       390,       306,       368,       308,       392
       350,       371,       351,       349,       329,       370,       372,       330,       328,       348,       392,       352,       369,       307,       391,       393,       308,       373,       327,       331
       351,       330,       350,       372,       352,       329,       371,       331,       373,       349,       353,       309,       328,       393,       308,       370,       310,       392,       374,       332
       352,       353,       373,       331,       351,       330,       372,       332,       374,       310,       350,       354,       394,       333,       329,       311,       371,       395,       375,       309
       353,       352,       332,       374,       354,       373,       331,       333,       375,       351,       395,       311,       372,       330,       355,       312,       310,       376,       334,       396
       354,       375,       355,       333,       353,       376,       334,       332,       374,       356,       396,       312,       352,       335,       397,       373,       377,       313,       395,       331
       355,       356,       376,       354,       334,       335,       375,       377,       333,       357,       397,       313,       396,       398,       353,       314,       378,       332,       336,       312
       356,       355,       335,       357,       377,       334,       376,       336,       378,       354,       314,       315,       333,       507,       375,       398,       313,       503,       397,       511
       357,       507,       336,       378,       356,       503,       511,       377,       335,       315,       607,       355,       603,       499,       611,       399,       515,       314,       334,       398
       358,       379,       359,       337,       457,       380,       453,       338,       461,       360,       400,       557,       317,       449,       316,       553,       401,       381,       339,       561
       359,       338,       358,       380,       360,       337,       339,       379,       381,       317,       457,       461,       318,       316,       361,       401,       453,       340,       402,       400
       360,       381,       339,       359,       380,       361,       338,       382,       340,       358,       402,       318,       362,       337,       317,       379,       403,       401,       319,       341
       361,       362,       340,       382,       360,       341,       339,       381,       383,       363,       319,       342,       318,       320,       338,       384,       403,       359,       380,       402
       362,       361,       341,       363,       383,       382,       342,       340,       384,       360,       320,       381,       339,       404,       364,       405,       319,       403,       321,       385
       363,       384,       362,       342,       341,       364,       383,       385,       343,       361,       405,       382,       406,       365,       321,       320,       404,       386,       340,       322
       364,       365,       343,       385,       363,       386,       344,       342,       384,       366,       406,       345,       322,       407,       323,       405,       362,       341,       387,       321
       365,       364,       386,       366,       344,       385,       387,       345,       343,       407,       408,       388,       367,       406,       363,       384,       346,       323,       342,       324
       366,       365,       345,       367,       387,       344,       346,       388,       386,       364,       324,       408,       325,       343,       368,       347,       323,       385,       407,       409
       367,       388,       368,       346,       347,       366,       389,       387,       345,       325,       409,       369,       408,       390,       365,       326,       410,       348,       344,       324
       368,       347,       367,       369,       389,       346,       390,       348,       388,       326,       370,       327,       325,       366,       410,       349,       387,       409,       345,       391
       369,       370,       390,       348,       368,       349,       347,       389,       391,       327,       367,       326,       371,       350,       411,       392,       412,       328,       410,       346
       370,       369,       349,       371,       391,       390,       350,       348,       392,       368,       412,       328,       329,       327,       347,       389,       372,       351,       411,       413
       371,       350,       392,       372,       370,       351,       393,       391,       349,       329,       369,       373,       413,       330,       390,       352,       394,       414,       412,       348
       372,       373,       371,       393,       351,       352,       394,       350,       392,       374,       330,       395,       353,       414,       370,       329,       331,       415,       349,       391
       373,       374,       372,       352,       394,       353,       395,       393,       351,       375,       371,       331,       415,       330,       354,       332,       396,       416,       350,       392
       374,       373,       395,       353,       375,       394,       396,       352,       354,       372,       416,       376,       332,       393,       397,       417,       415,       333,       331,       351
       375,       376,       354,       396,       374,       355,       397,       353,       395,       333,       373,       377,       417,       356,       418,       398,       332,       334,       394,       352
       376,       375,       355,       397,       377,       396,       354,       398,       356,       418,       374,       334,       378,       333,       353,       395,       417,       335,       399,       357
       377,       378,       398,       376,       356,       399,       355,       397,       357,       511,       419,       375,       515,       420,       396,       418,       507,       335,       354,       334
       378,       377,       511,       399,       357,       515,       398,       507,       356,       420,       611,       519,       376,       615,       419,       355,       336,       607,       397,       503
       379,       358,       453,       380,       400,       457,       359,       449,       401,       337,       553,       461,       557,       338,       421,       360,       549,       381,       445,       402
       380,       381,       359,       360,       401,       379,       358,       402,       400,       338,       382,       337,       339,       403,       453,       361,       423,       422,       457,       449
       381,       360,       382,       402,       380,       403,       361,       359,       401,       339,       383,       362,       338,       423,       424,       340,       404,       379,       358,       400
       382,       383,       381,       361,       403,       362,       402,       360,       404,       384,       363,       340,       380,       424,       341,       339,       405,       359,       425,       401
       383,       382,       404,       384,       362,       405,       363,       403,       361,       381,       425,       385,       406,       341,       402,       426,       424,       342,       360,       364
       384,       363,       383,       405,       385,       406,       362,       404,       364,       386,       342,       382,       426,       341,       407,       365,       361,       425,       343,       403
       385,       406,       386,       384,       364,       407,       405,       365,       363,       383,       387,       427,       426,       343,       366,       404,       408,       342,       428,       362
       386,       385,       365,       407,       387,       364,       406,       408,       366,       384,       405,       388,       428,       344,       363,       343,       429,       345,       427,       367
       387,       408,       388,       386,       366,       409,       407,       365,       367,       429,       389,       385,       430,       428,       410,       345,       364,       346,       368,       406
       388,       387,       367,       409,       389,       408,       366,       368,       410,       346,       386,       347,       365,       430,       390,       407,       431,       345,       429,       369
       389,       410,       390,       388,       368,       409,       367,       411,       369,       431,       347,       391,       387,       432,       412,       408,       370,       430,       346,       348
       390,       389,       369,       391,       411,       370,       412,       368,       410,       392,       348,       432,       347,       367,       388,       349,       413,       371,       409,       433
       391,       412,       392,       390,       370,       413,       411,       371,       369,       433,       389,       393,       434,       410,       432,       349,       350,       414,       368,       372
       392,       391,       371,       413,       393,       412,       414,       370,       372,       434,       350,       390,       394,       435,       411,       433,       369,       415,       349,       351
       393,       394,       372,       414,       392,       371,       415,       373,       413,       395,       435,       436,       391,       374,       416,       351,       350,       434,       352,       412
       394,       395,       393,       415,       373,       416,       374,       372,       414,       436,       396,       392,       417,       352,       435,       371,       437,       353,       375,       351
       395,       394,       374,       416,       396,       373,       415,       417,       375,       393,       372,       397,       353,       437,       414,       436,       418,       352,       376,       354
       396,       397,       375,       417,       376,       395,       418,       374,       416,       398,       354,       394,       355,       377,       373,       438,       353,       419,       415,       439
       397,       396,       418,       398,       376,       417,       375,       377,       419,       395,       355,       439,       399,       416,       354,       374,       440,       378,       438,       420
       398,       377,       397,       419,       399,       418,       378,       376,       420,       396,       440,       515,       375,       356,       355,       417,       439,       519,       511,       441
       399,       420,       515,       378,       398,       519,       419,       377,       511,       615,       441,       397,       523,       440,       619,       357,       418,       611,       507,       376
       400,       421,       401,       449,       379,       422,       445,       453,       380,       524,       358,       423,       549,       402,       520,       528,       545,       553,       457,       359
       401,       400,       422,       402,       380,       423,       421,       381,       379,       403,       520,       424,       449,       516,       524,       359,       358,       445,       360,       453
       402,       403,       381,       401,       423,       424,       382,       380,       422,       404,       360,       383,       400,       516,       361,       512,       425,       359,       520,       421
       403,       402,       424,       404,       382,       381,       423,       383,       425,       401,       512,       380,       405,       516,       361,       508,       422,       426,       360,       362
       404,       383,       425,       403,       405,       426,       424,       382,       384,       406,       402,       508,       362,       381,       427,       363,       504,       512,       385,       423
       405,       406,       384,       426,       404,       385,       383,       425,       427,       407,       363,       386,       504,       403,       364,       382,       500,       362,       424,       428
       406,       405,       385,       407,       427,       384,       426,       386,       428,       404,       364,       383,       425,       500,       365,       363,       504,       408,       387,       496
       407,       386,       406,       428,       408,       385,       387,       429,       427,       365,       405,       496,       364,       384,       426,       409,       388,       366,       500,       492
       408,       387,       409,       429,       388,       407,       430,       386,       428,       410,       366,       367,       431,       365,       389,       492,       385,       406,       488,       496
       409,       410,       408,       430,       388,       431,       389,       387,       429,       432,       367,       411,       488,       484,       407,       390,       428,       492,       368,       386
       410,       431,       389,       409,       411,       432,       390,       430,       388,       412,       408,       484,       433,       391,       368,       480,       367,       387,       488,       369
       411,       412,       432,       410,       390,       433,       391,       389,       431,       413,       480,       409,       434,       476,       392,       369,       484,       430,       370,       368
       412,       411,       391,       433,       413,       432,       390,       392,       434,       410,       476,       389,       370,       414,       480,       431,       435,       369,       472,       371
       413,       434,       412,       392,       414,       433,       391,       435,       393,       411,       472,       371,       476,       432,       390,       436,       468,       415,       370,       394
       414,       435,       415,       393,       413,       436,       434,       392,       394,       468,       416,       464,       472,       412,       372,       395,       437,       391,       433,       371
       415,       436,       416,       394,       414,       395,       437,       393,       435,       417,       464,       438,       460,       373,       468,       374,       413,       372,       434,       392
       416,       417,       415,       395,       437,       394,       438,       436,       396,       418,       374,       460,       414,       397,       393,       439,       456,       373,       464,       375
       417,       416,       418,       438,       396,       397,       437,       395,       439,       415,       456,       394,       375,       419,       460,       398,       374,       452,       436,       376
       418,       397,       417,       419,       439,       396,       398,       440,       438,       416,       376,       452,       377,       375,       420,       395,       399,       437,       456,       448
       419,       440,       420,       398,       418,       399,       441,       439,       397,       448,       519,       377,       444,       523,       417,       452,       378,       515,       396,       376
       420,       399,       519,       419,       441,       523,       515,       440,       398,       378,       619,       444,       377,       418,       623,       615,       527,       511,       448,       397
       421,       400,       445,       524,       422,       528,       449,       520,       401,       423,       545,       624,       379,       532,       628,       549,       620,       453,       516,       380
       422,       520,       423,       421,       401,       524,       516,       400,       402,       620,       445,       424,       624,       616,       528,       512,       403,       380,       449,       379
       423,       422,       516,       424,       402,       401,       520,       403,       512,       421,       616,       400,       381,       524,       620,       425,       380,       612,       404,       508
       424,       403,       423,       512,       425,       402,       404,       516,       508,       422,       382,       426,       401,       383,       381,       612,       520,       616,       504,       405
       425,       426,       404,       508,       424,       504,       405,       512,       403,       427,       383,       608,       406,       500,       604,       423,       384,       612,       402,       516
       426,       425,       427,       405,       504,       404,       406,       508,       500,       384,       424,       383,       604,       385,       428,       407,       403,       512,       496,       608
       427,       500,       426,       428,       504,       406,       496,       405,       407,       425,       600,       604,       508,       385,       429,       596,       404,       492,       386,       384
       428,       429,       496,       407,       427,       492,       500,       408,       406,       430,       596,       386,       488,       592,       426,       387,       600,       409,       385,       504
       429,       428,       492,       430,       408,       496,       488,       409,       407,       387,       431,       592,       427,       596,       500,       588,       484,       386,       388,       410
       430,       431,       488,       409,       429,       484,       492,       408,       410,       432,       428,       588,       388,       387,       480,       584,       592,       389,       496,       411
       431,       430,       410,       432,       484,       409,       488,       411,       480,       389,       429,       433,       584,       408,       492,       412,       388,       588,       580,       390
       432,       411,       431,       433,       480,       410,       412,       484,       476,       430,       409,       389,       390,       580,       434,       391,       413,       488,       584,       576
       433,       412,       432,       476,       434,       411,       413,       480,       472,       391,       431,       410,       435,       576,       484,       392,       390,       580,       414,       572
       434,       413,       435,       472,       433,       414,       476,       468,       412,       436,       392,       572,       411,       391,       432,       480,       576,       568,       393,       464
       435,       414,       434,       436,       468,       413,       472,       415,       464,       393,       433,       568,       437,       392,       476,       394,       572,       412,       564,       416
       436,       415,       435,       464,       437,       414,       468,       416,       460,       394,       434,       438,       564,       393,       472,       395,       413,       568,       417,       560
       437,       438,       460,       436,       416,       464,       456,       415,       417,       560,       439,       435,       395,       564,       556,       468,       452,       414,       394,       418
       438,       437,       456,       439,       417,       460,       416,       452,       418,       556,       436,       415,       464,       560,       440,       552,       396,       448,       395,       397
       439,       452,       440,       438,       418,       456,       448,       417,       419,       552,       437,       441,       397,       556,       460,       548,       416,       444,       398,       396
       440,       419,       448,       441,       439,       444,       452,       420,       418,       398,       523,       548,       399,       438,       519,       527,       544,       397,       552,       456
       441,       444,       523,       440,       420,       527,       448,       419,       519,       544,       623,       399,       439,       531,       548,       627,       452,       619,       515,       398
