            10.7231438303,            -0.1814359220,             0.1221156731,            -0.4083302579,             0.0345054212
            10.4975872748,             0.4258481916,            -0.8656487531,            -0.1368832258,             1.1703418554
            10.9591688518,             0.9137608521,            -0.0153743186,             1.4401813768,            -0.2522838538
            11.0664140428,            -0.1863111836,            -0.2912420647,            -0.2776964456,            -0.2377936251
            11.1187265440,             0.0234866571,            -0.4858011233,             0.6846456445,            -0.4640402836
            11.1265344993,            -0.2648026167,            -0.4431987734,            -0.3356980138,            -0.4093336657
            11.2544698271,            -0.0278707548,            -0.2494719570,            -0.3436157462,            -0.5659042357
            11.2562621956,            -0.4891231480,             0.0062006825,            -0.4870021620,            -0.8056698744
            10.9970887205,             0.1147998076,            -0.4012016983,            -0.4573146437,            -0.6911726990
            11.1422877732,            -0.0455573925,             0.6551617919,             0.3180906483,            -1.0158732300
            11.0008648849,            -0.5154444713,            -0.1381533335,            -1.1605386656,             0.2420827057
            11.2409736348,            -0.3328579571,            -0.2316011995,             0.0257995080,             0.6507134556
            11.0731598769,             0.3097688031,             0.5029900761,             0.2209973081,            -0.0114091345
            11.1558715729,            -0.1615356477,             0.4516555853,             0.1389532990,            -0.3941454942
            10.7177651737,             0.0838068204,             0.2597094943,            -0.7729171106,            -0.1843210261
            10.5293787132,             0.0841066507,             0.2397876774,             0.4335855001,            -0.1907206168
            10.5227118850,             0.0673269329,            -0.0263770733,            -0.9244612752,            -0.0779617121
            10.5529884010,            -0.1152394314,            -0.0332437603,             1.0312998695,             0.2426622722
            10.5275206264,             0.3866248215,            -0.1536500086,            -0.2472280286,             0.1413829009
            10.6789693394,            -0.5074613401,            -0.5169353340,             0.2417352784,             0.4847575040
            10.7104303888,            -0.0377312682,            -0.7826183971,             0.0461097825,             0.6251446505
            10.5236831209,             0.0474985529,             0.0682796249,            -0.2581630892,             0.2899053777
            10.5970709005,             0.4561273459,            -0.7149651380,            -1.0760779330,             1.5313199337
            10.5847636633,             0.4574841579,             0.1079824818,             0.1696514129,             0.3398240081
            10.8417411729,            -0.6790831999,            -0.2439454514,             1.7337697990,             1.0458801278
            11.2213308978,             0.0313000152,             0.0787278591,            -1.6860836273,             1.2392021805
            10.9099587419,            -0.2372361588,            -0.2053960145,             0.2778752422,             1.1596651993
            11.1872637418,             0.6341709870,            -0.2478914893,             0.4314797055,             0.8574175452
            11.4374438272,             0.0471662692,             0.8417485198,             1.0464367547,            -0.4610694051
            11.4572048956,             0.0325450029,             0.3895507902,            -1.2873210166,            -0.6271213278
            11.3836473089,            -0.1820941476,             0.8528030232,            -0.0389547977,            -1.1575531436
            11.4142145535,             0.0632416108,             0.2741331287,            -0.1145634347,            -0.9749084673
            11.0581201254,             0.5976060027,             0.3834567561,            -2.1363241496,            -0.1724907286
            10.8471438951,             0.3633074093,             0.3367724152,            -0.5574654407,            -0.2380090403
            10.6256223808,            -0.2670210997,             0.8083811925,             0.1515364919,            -1.0854538588
            10.8251576202,             0.1795996162,            -0.2405001093,            -0.0054971979,             0.5439766346
            11.0506410721,             0.2341251818,             0.3615005221,            -0.0547252781,            -0.5334518553
            10.7909078583,            -0.2313251259,            -0.3299478830,            -0.5319120286,             0.8184485858
            10.6378116734,             0.2900100235,            -0.4734463404,            -0.4800025830,             1.0907222425
            11.0994580741,             0.1260484334,            -0.1295663032,             1.1243708963,            -0.2947242939
            11.7087924946,            -0.0668387818,            -0.5213815638,             0.2202674492,             0.2654923706
            11.5625571729,             0.0388806790,            -0.7011634759,            -0.2778443272,             0.7567046489
            11.9427903492,            -0.0922110702,            -0.3665332564,             0.0081148933,             0.1656302092
            11.3945849237,            -0.2385587681,            -0.3098682374,            -2.2998999208,             0.4074208404
            11.0192328728,             0.1829778997,             0.1704227141,            -0.6928196242,            -0.5267764802
            10.5408756235,            -0.6046731195,            -0.5190899184,            -0.1856006265,             0.7283914644
            10.4590439052,             0.1905681950,            -0.8076322883,            -0.4183347460,             1.3817969441
            10.5989481464,             0.3743510373,             0.1427277402,             0.0520074095,            -0.3234828361
            10.3597342093,            -0.4188518558,            -0.1978624818,            -0.6368895180,            -0.9436153165
            10.5205864169,            -0.0112234511,             0.1288750753,             1.5505709277,            -0.8899826109
            10.8829314259,            -0.3550375461,             0.1604008047,            -0.3327751972,             0.5123331412
            10.4169024598,            -0.1187637575,             0.1882545382,            -0.9462617480,             0.0552573039
            10.4431121181,             0.3233885493,             0.3618492906,            -0.0553693588,            -0.1974685540
            10.3300003135,             0.1998906758,             0.4543252383,             0.0320945006,            -0.5212315664
            10.4717488422,             0.1984295618,            -0.0754109436,             0.4504223982,             0.0281685692
            11.1117946735,            -0.1095920293,             0.5057759064,             0.3001296651,            -1.7008807547
            10.8396176439,            -0.4933582007,             0.3175407844,            -0.6664345631,            -1.1543019780
            10.4806170522,            -0.0625197675,             0.1573449781,            -0.1146047521,            -0.0333715801
            10.5766839078,             0.4027391759,             0.0608439058,             1.3561464228,            -0.2122826930
            10.9018262238,             0.3761014686,             0.0828064012,            -1.4991412986,            -0.1333799650
            10.4400851666,            -0.6669833020,             0.5124500126,             0.0381965229,            -0.0699019396
            10.7134706231,            -0.3730245028,            -0.2730210830,             0.7397461157,             1.5056639122
            11.1212444681,             0.5348222312,            -0.0398350002,             0.4349705921,             0.9304876662
            11.1354117586,             0.1519983597,             0.4681243275,            -0.1885300473,             0.7087249319
            11.6359464885,            -0.1031958620,             0.0314577885,             1.1559122116,             0.5710640058
            11.4802988139,             0.0582786037,             0.0825925658,            -1.6951325108,             0.2224341583
            10.5815125813,             0.1924429490,            -0.1950601270,            -0.3862023063,             0.8086504948
            10.7385596161,             0.0665959071,            -0.3912096316,            -0.9596110038,             0.6663387070
            10.3985157055,            -0.2724452867,            -0.2129202164,             0.0697065148,             0.2947875888
            10.8844313871,            -0.2118000464,            -0.5646591267,             0.9352126982,             0.4707936954
            10.8297352478,             0.2173890603,             0.2243885118,            -1.5412027101,             0.3510946259
            11.0339236470,            -0.0060474531,             0.0133777589,             1.4458969785,            -0.5588635338
            11.5169018320,             0.1331730514,             0.0825557623,            -0.9292237767,            -0.8624945954
            10.9896651324,             0.3532869962,             0.1760599862,            -0.9690360343,            -0.3045870515
            10.4184670917,            -0.1281853713,            -0.1340089917,            -0.6128396408,             0.4575830316
            10.5745987297,             0.2623978157,            -0.4370815148,             1.1607435193,             0.5073265171
            11.1570413210,            -0.2691660129,             0.4444386234,            -0.3220717504,            -0.2222598937
            11.5829369507,            -0.0312184097,             0.4136916293,             1.2637443695,            -0.0648984455
            11.1065894822,             0.2336377303,             0.3666501647,            -2.3049254244,            -0.4741801982
            10.1248125076,             0.2873367909,             0.6182762208,             0.7443862214,            -1.1556389077
            11.0856600657,            -0.5089725807,             0.2929997118,             0.3869516732,            -0.9286621596
            11.2414048375,             0.3660071901,            -0.4302258320,            -0.2821287559,             0.3615667676
            11.0268553300,             0.6940630497,             0.0008310464,            -0.6132870876,            -0.0165101559
            10.3662698910,            -0.2382401739,            -0.0169081125,            -1.8392307813,             0.0516473377
             9.8888839364,            -0.4704514405,            -0.6130343113,             0.3714794760,             0.1493878656
            10.3896944477,            -0.3133589449,             0.0608239440,             0.2985340174,             0.0648372631
            10.4612154174,            -0.2325350206,             0.1009469848,            -0.2708634026,             0.2377844920
            10.6852409454,             0.3437198154,             0.2324989368,             1.0635123864,            -0.4255452294
            10.9184343789,             0.3029229548,            -0.3708446058,             1.0158528776,             0.9915562665
            11.3637848719,            -0.1518348698,            -0.5081401707,            -0.5877990549,             0.2466561048
            11.3642917715,             0.1294590665,             0.0114563419,             0.0957516149,            -0.7993875576
            11.2489981880,            -0.3155569348,            -0.1423698549,            -0.1935542047,            -0.2818011670
            10.9850621680,             0.1404922391,            -0.1582523583,            -0.4685829906,             0.3687197909
            10.7294398481,            -0.4431669877,             0.6598686938,            -0.4538754485,            -0.4043687210
            10.5625535769,            -0.1757051051,            -0.1560337840,             0.1066466137,            -0.6592853485
            11.0468212334,             0.5718218507,             0.4610207131,             1.2786842202,            -1.3168407290
            11.1233812376,             0.2110916505,             0.5020690014,            -0.3136630547,            -1.0908228669
            11.1092035107,            -0.5486048690,             0.1068254714,             0.9637076719,            -0.2809419141
            11.1469269225,            -0.0511626735,            -0.3451178108,            -0.4376005061,             0.3603017710
            10.7570797176,            -0.0783385996,             0.2192169250,             0.1927382341,            -0.6616864085
            10.4001706136,            -0.0075805203,            -0.0904589894,            -0.7758645418,            -0.4954820686
            10.3370383010,             0.0565445980,             0.1466943357,             0.3109997190,            -0.3071879371
            10.7412579891,             0.0363024735,             0.0541020109,            -0.1558317568,             0.1293897648
            10.4546130364,            -0.0955687031,             0.1555477511,            -0.5741443455,            -0.0683794004
            10.8832732636,             0.4531104646,            -0.4581133765,             1.0745021372,             0.8002832212
            11.4793960007,             0.6763404849,            -0.4379143371,             0.2809811396,             0.6677713255
            11.2642251707,             0.4016257888,            -0.2932880946,            -0.3013661393,             0.0943086034
            10.8663788632,             0.0351147098,            -0.6492586140,            -0.1717170888,            -0.3426642383
            11.0011806449,            -0.5592013502,             0.0812724321,            -0.4480025397,            -0.7026355042
            10.9636672742,            -0.5427357628,            -0.5169125597,            -0.3785216603,             1.3076072154
            11.1594716508,            -0.5581855392,             0.1017184325,             0.0069512100,            -0.0858605391
            11.0887978158,            -0.1920515721,            -0.0930456396,             0.1419977991,             0.6666007237
            11.3560390515,            -0.3082799805,             0.0808237265,             1.5269577079,             0.8852276487
            11.3920011917,             0.4691048678,             0.0037188522,            -1.4858550688,             1.1445329634
            10.9480584886,            -0.0709852136,             0.0638255841,             0.4689812475,             0.3731734324
            10.9365241402,             0.3206217118,            -0.4723061580,            -0.2882726049,             0.3601447266
            10.4068751050,             0.0828358035,             0.5028103374,            -0.5135503870,            -0.5988969594
            10.3687689869,            -0.3804130263,             0.5299148652,             0.7359452193,            -0.9081075654
            10.7852232451,             0.0282132137,             0.1489032932,            -0.0359214577,            -0.1199371754
            10.5279433621,             0.1613722009,             0.6801432945,            -0.4974945600,            -0.5275046332
            10.7421603833,            -0.0165998599,             0.0057966756,             0.1823308330,             0.1668315347
