      0.000000000000,     -1.911226642649,      0.217606099323,      0.112514874560,      1.558321413755,     -1.015262739785,     -0.868590112133,      0.935057094123,      0.751715435975,     -0.491195511519,      0.025492550003,      0.311158018021,     -0.219545179211,     -0.094431780608,     -0.173730285146,      0.010790784381,      0.079880105286,     -0.060405029950,      0.076043805640,      0.098330491955,      0.000000000000,      0.000000000000,      0.000000000000,      0.000000000000,      0.000000000000,      0.000000000000,      0.000000000000,      0.000000000000,      0.000000000000,      0.000000000000,      0.000000000000,      0.000000000000,      0.000000000000,      0.000000000000,      0.000000000000,      0.000000000000
      0.000000000000,      2.253592919958,     -0.062276382608,     -0.182250488938,     -1.526649737624,      1.221713614427,      0.748106639197,     -0.963580867160,     -0.681933535723,     -0.111587099900,      0.442360244113,     -0.253320421270,      0.106477538268,     -0.040128862390,      0.244794902921,      0.145768551482,     -0.095664775795,     -0.128718804775,      0.024222364706,     -0.059694397768,      0.000000000000,      0.000000000000,      0.000000000000,      0.000000000000,      0.000000000000,      0.000000000000,      0.000000000000,      0.000000000000,      0.000000000000,      0.000000000000,      0.000000000000,      0.000000000000,      0.000000000000,      0.000000000000,      0.000000000000,      0.000000000000
      0.000000000000,     -2.165653982890,     -0.020057745994,      1.521424145991,      0.160611198717,     -1.141851427376,     -0.853590860517,      0.833459291122,      0.742443347773,      0.398581962191,      0.042038326763,     -0.367664205789,     -0.082491069542,     -0.219127084248,      0.047343319472,     -0.060901305417,      0.154611151439,      0.083677261721,      0.101966900733,     -0.125721054056,      0.000000000000,      0.000000000000,      0.000000000000,      0.000000000000,      0.000000000000,      0.000000000000,      0.000000000000,      0.000000000000,      0.000000000000,      0.000000000000,      0.000000000000,      0.000000000000,      0.000000000000,      0.000000000000,      0.000000000000,      0.000000000000
      0.000000000000,      2.253239083497,     -0.037565377133,     -1.584077347537,     -0.101982548694,      1.122330829340,      0.876805783275,     -0.912865588773,     -0.602197789092,     -0.051852816523,     -0.362146350611,      0.312796819764,      0.323468086838,      0.086473750567,      0.220765476212,     -0.022164221922,     -0.097594789689,     -0.115989093937,     -0.085890874737,     -0.022342190489,      0.000000000000,      0.000000000000,      0.000000000000,      0.000000000000,      0.000000000000,      0.000000000000,      0.000000000000,      0.000000000000,      0.000000000000,      0.000000000000,      0.000000000000,      0.000000000000,      0.000000000000,      0.000000000000,      0.000000000000,      0.000000000000
      0.000000000000,     -2.286310410887,      0.243482458682,      0.002521594065,     -1.027207424219,      1.364670454917,      1.053012844741,      0.800996051458,     -0.817711298579,      0.089150938834,     -0.544816537116,      0.272928577266,     -0.260470186256,     -0.056646962214,      0.077225614636,      0.043137553288,     -0.043077205270,     -0.122297223962,      0.073112134666,      0.080359578798,      0.000000000000,      0.000000000000,      0.000000000000,      0.000000000000,      0.000000000000,      0.000000000000,      0.000000000000,      0.000000000000,      0.000000000000,      0.000000000000,      0.000000000000,      0.000000000000,      0.000000000000,      0.000000000000,      0.000000000000,      0.000000000000
      0.000000000000,      2.203019030205,     -0.199302000242,     -0.578481659967,      1.055590965033,     -1.453622865791,      0.778020888400,     -0.824431134360,     -0.704197692116,      0.550450284472,     -0.051429089614,     -0.274862581963,      0.255828800497,      0.077137883491,      0.082136984746,      0.212895184882,     -0.038060389814,     -0.069727039839,     -0.077445120344,     -0.031009448469,      0.000000000000,      0.000000000000,      0.000000000000,      0.000000000000,      0.000000000000,      0.000000000000,      0.000000000000,      0.000000000000,      0.000000000000,      0.000000000000,      0.000000000000,      0.000000000000,      0.000000000000,      0.000000000000,      0.000000000000,      0.000000000000
      0.000000000000,     -2.325756123201,      0.046085773676,     -0.172962907168,      1.445385232381,     -1.298082913281,     -0.909029519183,      0.910553134510,      0.722397448384,      0.023844033993,      0.341212628358,      0.052360291606,     -0.336109514469,     -0.173800948554,     -0.040926255804,      0.087244953880,      0.108358072209,     -0.123088489643,      0.057694434193,      0.078324639256,      0.000000000000,      0.000000000000,      0.000000000000,      0.000000000000,      0.000000000000,      0.000000000000,      0.000000000000,      0.000000000000,      0.000000000000,      0.000000000000,      0.000000000000,      0.000000000000,      0.000000000000,      0.000000000000,      0.000000000000,      0.000000000000
      0.000000000000,      1.998872716908,     -0.031835169084,     -0.016461963070,     -1.665078616775,      1.053695587799,      0.969958090021,     -0.845763228284,     -0.684673155125,     -0.462498314073,     -0.010301646950,     -0.040173471651,      0.255621621567,      0.282894254946,      0.168411133911,      0.073567483800,     -0.066552197573,     -0.111251892265,     -0.077655954004,      0.032371926961,      0.000000000000,      0.000000000000,      0.000000000000,      0.000000000000,      0.000000000000,      0.000000000000,      0.000000000000,      0.000000000000,      0.000000000000,      0.000000000000,      0.000000000000,      0.000000000000,      0.000000000000,      0.000000000000,      0.000000000000,      0.000000000000
      0.000000000000,     -2.113159453561,      0.290065594999,      0.123096425254,      1.599602681127,     -1.234724906520,     -0.925694106965,      1.116368658835,      0.799673980512,     -0.413838567218,      0.015566619575,      0.012936707028,     -0.189197761457,      0.222102765040,     -0.064282936450,     -0.084483538569,      0.051131479434,      0.076194260528,     -0.107458376425,      0.084752467452,      0.000000000000,      0.000000000000,      0.000000000000,      0.000000000000,      0.000000000000,      0.000000000000,      0.000000000000,      0.000000000000,      0.000000000000,      0.000000000000,      0.000000000000,      0.000000000000,      0.000000000000,      0.000000000000,      0.000000000000,      0.000000000000
      0.000000000000,     -0.219356663785,      1.762771173777,     -0.308710643940,      1.195532680547,     -1.434924316349,     -1.012822872941,     -0.723895559055,      0.622207434601,     -0.045224010866,      0.496508773080,      0.140629815911,      0.280722751424,     -0.251406218935,     -0.015333317461,     -0.114446376764,      0.134460614659,     -0.108820982508,     -0.077176142636,      0.024782782574,      0.000000000000,      0.000000000000,      0.000000000000,      0.000000000000,      0.000000000000,      0.000000000000,      0.000000000000,      0.000000000000,      0.000000000000,      0.000000000000,      0.000000000000,      0.000000000000,      0.000000000000,      0.000000000000,      0.000000000000,      0.000000000000
      0.000000000000,     -0.084175305212,      1.781419601749,     -1.904300468780,     -0.085949144819,      1.030613314301,     -1.127179759968,      0.759289426422,     -0.699738051717,     -0.022418280752,      0.426059403876,      0.112934247594,      0.004648138177,      0.213026323039,     -0.128902670712,     -0.210357504618,     -0.206930252729,      0.124899809210,      0.042167713181,     -0.074623096599,      0.000000000000,      0.000000000000,      0.000000000000,      0.000000000000,      0.000000000000,      0.000000000000,      0.000000000000,      0.000000000000,      0.000000000000,      0.000000000000,      0.000000000000,      0.000000000000,      0.000000000000,      0.000000000000,      0.000000000000,      0.000000000000
      0.000000000000,      0.040905179401,      1.612449460669,     -1.845048226801,     -0.119868149345,      1.103257984067,     -1.074533531344,      0.820467341700,     -0.698174452648,      0.435494518074,      0.016988221204,     -0.346497956159,      0.018972312890,      0.189547710863,     -0.101518871787,      0.087929522667,     -0.164281140992,      0.105992452996,     -0.092953966755,      0.042905025965,      0.000000000000,      0.000000000000,      0.000000000000,      0.000000000000,      0.000000000000,      0.000000000000,      0.000000000000,      0.000000000000,      0.000000000000,      0.000000000000,      0.000000000000,      0.000000000000,      0.000000000000,      0.000000000000,      0.000000000000,      0.000000000000
      0.000000000000,      0.411502118102,      0.017738341692,      2.474865578967,     -1.658167384544,      1.095900137355,      0.880371740990,     -0.700523439771,     -0.911535313345,     -0.053455763109,      0.447356203123,     -0.346901820868,     -0.038529628184,      0.074555970881,     -0.107932169275,     -0.151343663333,     -0.118129941306,     -0.051660477395,      0.101121374447,      0.032410192165,      0.000000000000,      0.000000000000,      0.000000000000,      0.000000000000,      0.000000000000,      0.000000000000,      0.000000000000,      0.000000000000,      0.000000000000,      0.000000000000,      0.000000000000,      0.000000000000,      0.000000000000,      0.000000000000,      0.000000000000,      0.000000000000
      0.000000000000,     -1.832734916742,     -0.027255512681,      1.760434616420,      0.081400392881,     -1.158122426834,     -0.963712787363,      0.843971334572,      0.595192599804,     -0.477457446990,      0.019916228178,      0.423571116204,     -0.230137591668,      0.109217136510,      0.013332947364,     -0.085020892759,      0.101893265192,     -0.045716837714,     -0.083743839360,      0.036132400235,      0.000000000000,      0.000000000000,      0.000000000000,      0.000000000000,      0.000000000000,      0.000000000000,      0.000000000000,      0.000000000000,      0.000000000000,      0.000000000000,      0.000000000000,      0.000000000000,      0.000000000000,      0.000000000000,      0.000000000000,      0.000000000000
      0.000000000000,      2.391847113474,      0.250940687704,     -1.526290623382,      0.074050372806,     -0.800321856696,      0.759346211349,      0.847174191937,     -0.689718412211,     -0.047204876545,      0.610291535534,     -0.323901412223,     -0.037746355836,     -0.191706910736,     -0.105040176620,      0.194307815343,      0.053278860373,     -0.131414589594,      0.033284117132,     -0.054439362990,      0.000000000000,      0.000000000000,      0.000000000000,      0.000000000000,      0.000000000000,      0.000000000000,      0.000000000000,      0.000000000000,      0.000000000000,      0.000000000000,      0.000000000000,      0.000000000000,      0.000000000000,      0.000000000000,      0.000000000000,      0.000000000000
      0.000000000000,     -2.366164067623,      1.705132008256,     -0.028368749891,      0.420077900677,     -0.979993697334,     -0.915639822608,      0.734094952819,      0.657549062352,     -0.507945456108,      0.062224067686,      0.318744371378,     -0.092154115394,      0.054225147315,     -0.068217885991,     -0.185327023726,      0.143596135307,     -0.145769420159,      0.109990336453,      0.065351443327,      0.000000000000,      0.000000000000,      0.000000000000,      0.000000000000,      0.000000000000,      0.000000000000,      0.000000000000,      0.000000000000,      0.000000000000,      0.000000000000,      0.000000000000,      0.000000000000,      0.000000000000,      0.000000000000,      0.000000000000,      0.000000000000
      0.000000000000,      0.519141719716,     -1.651356766956,      1.984547123626,      0.023897051495,      1.160889334665,     -0.936604758859,      0.880490564311,     -0.609038575065,     -0.017415703466,     -0.461015743051,     -0.255899236214,     -0.150916945918,     -0.172781950518,      0.086592881140,      0.206328429643,     -0.014632476172,      0.036785561205,      0.089230423413,      0.069956548554,      0.000000000000,      0.000000000000,      0.000000000000,      0.000000000000,      0.000000000000,      0.000000000000,      0.000000000000,      0.000000000000,      0.000000000000,      0.000000000000,      0.000000000000,      0.000000000000,      0.000000000000,      0.000000000000,      0.000000000000,      0.000000000000
      0.000000000000,      0.003012862328,     -2.002894559201,      0.139464681462,      1.642035264009,     -0.983940979585,      1.038494446237,     -0.714314902943,      0.704320371850,      0.060035897078,     -0.326956182582,     -0.389058674705,      0.164428922400,      0.038418133857,      0.196409566923,     -0.076033540900,     -0.039744411253,      0.094103263693,      0.089987108100,     -0.082947022545,      0.000000000000,      0.000000000000,      0.000000000000,      0.000000000000,      0.000000000000,      0.000000000000,      0.000000000000,      0.000000000000,      0.000000000000,      0.000000000000,      0.000000000000,      0.000000000000,      0.000000000000,      0.000000000000,      0.000000000000,      0.000000000000
      0.000000000000,     -0.121816776971,      1.926614338387,     -0.118210630226,     -1.597840673724,      0.985348821448,     -0.963376089135,      0.738204811683,     -0.792917629085,      0.628637960573,     -0.040396197469,     -0.013273136791,      0.085925931617,     -0.177967873148,     -0.179586768537,     -0.092305240860,      0.156336831058,      0.076639459751,     -0.052118828276,      0.087398354783,      0.000000000000,      0.000000000000,      0.000000000000,      0.000000000000,      0.000000000000,      0.000000000000,      0.000000000000,      0.000000000000,      0.000000000000,      0.000000000000,      0.000000000000,      0.000000000000,      0.000000000000,      0.000000000000,      0.000000000000,      0.000000000000
      0.000000000000,      2.002321803338,     -0.253519352847,     -2.186204269447,     -0.159795858640,     -1.075640674541,      0.849495313862,      0.891251214688,     -0.874963200202,      0.035417667796,      0.008714634035,      0.287108476396,      0.132864346936,     -0.091392387942,      0.210370892066,     -0.231919335132,      0.079330231029,     -0.074090610765,     -0.119004448637,      0.088114379058,      0.000000000000,      0.000000000000,      0.000000000000,      0.000000000000,      0.000000000000,      0.000000000000,      0.000000000000,      0.000000000000,      0.000000000000,      0.000000000000,      0.000000000000,      0.000000000000,      0.000000000000,      0.000000000000,      0.000000000000,      0.000000000000
      0.000000000000,     -1.901187820230,      0.241519982066,      0.345416356203,      1.539936733186,     -0.843921008777,      0.917281182559,     -0.804963926333,      0.782155031091,     -0.607354144733,      0.050056587211,      0.028202676330,     -0.216272763129,     -0.111526575683,      0.235301337980,     -0.067867268598,     -0.180623239977,      0.056441059553,      0.078745237593,      0.053944898282,      0.000000000000,      0.000000000000,      0.000000000000,      0.000000000000,      0.000000000000,      0.000000000000,      0.000000000000,      0.000000000000,      0.000000000000,      0.000000000000,      0.000000000000,      0.000000000000,      0.000000000000,      0.000000000000,      0.000000000000,      0.000000000000
      0.000000000000,      1.832485982473,     -0.240459819873,     -0.136435556814,     -1.719253486004,      0.930418942148,      0.938117606509,     -0.927182442296,     -0.763258459461,      0.511453044318,     -0.009309279149,     -0.009081965625,     -0.292951139770,      0.209911769377,      0.206510437474,     -0.102512322068,      0.085981190884,      0.082160068875,     -0.053420530059,     -0.055425589077,      0.000000000000,      0.000000000000,      0.000000000000,      0.000000000000,      0.000000000000,      0.000000000000,      0.000000000000,      0.000000000000,      0.000000000000,      0.000000000000,      0.000000000000,      0.000000000000,      0.000000000000,      0.000000000000,      0.000000000000,      0.000000000000
      0.000000000000,      1.710721007693,     -0.069115875792,     -0.301639930053,     -1.786665781453,      1.064366934756,     -1.048087163138,      0.658202648942,     -0.718724868022,     -0.053492360408,      0.618512340994,      0.233455892652,     -0.260937029457,      0.131969924795,     -0.102641209715,     -0.027151607820,      0.184196561332,      0.055917715285,     -0.121283515867,     -0.064851184071,      0.000000000000,      0.000000000000,      0.000000000000,      0.000000000000,      0.000000000000,      0.000000000000,      0.000000000000,      0.000000000000,      0.000000000000,      0.000000000000,      0.000000000000,      0.000000000000,      0.000000000000,      0.000000000000,      0.000000000000,      0.000000000000
      0.000000000000,     -1.799912304164,      0.161217995551,      1.917497454123,      0.156289445779,     -1.367757517000,      1.306868959119,     -0.601514480677,      0.632526396489,      0.042859239440,     -0.466087912788,      0.030059551035,     -0.250179227948,      0.214675791075,     -0.108584209711,      0.084779119150,     -0.065234915757,     -0.132600048761,      0.158121861642,      0.066387316064,      0.000000000000,      0.000000000000,      0.000000000000,      0.000000000000,      0.000000000000,      0.000000000000,      0.000000000000,      0.000000000000,      0.000000000000,      0.000000000000,      0.000000000000,      0.000000000000,      0.000000000000,      0.000000000000,      0.000000000000,      0.000000000000
      0.000000000000,      0.303554828778,      0.338360352474,     -1.570495127136,      1.654773379703,     -0.912604504211,     -0.660495455531,      0.974002727228,      0.926339936315,     -0.585253012331,      0.010549822950,     -0.127431352869,     -0.236815016897,      0.117962692133,     -0.071356298928,     -0.199057163708,      0.020967382537,      0.129061667132,      0.132035174005,      0.073411013878,      0.000000000000,      0.000000000000,      0.000000000000,      0.000000000000,      0.000000000000,      0.000000000000,      0.000000000000,      0.000000000000,      0.000000000000,      0.000000000000,      0.000000000000,      0.000000000000,      0.000000000000,      0.000000000000,      0.000000000000,      0.000000000000
      0.000000000000,     -0.202598788071,     -0.312377691625,      1.676521630955,     -1.739199977348,      0.928484051983,      0.729285591429,     -0.842669341526,     -1.034671839521,     -0.033434325767,      0.551484881914,      0.182658145486,      0.203484696123,     -0.004623386936,     -0.205467248578,      0.051288310900,     -0.047814101255,      0.040541758883,     -0.099590699993,     -0.075221682936,      0.000000000000,      0.000000000000,      0.000000000000,      0.000000000000,      0.000000000000,      0.000000000000,      0.000000000000,      0.000000000000,      0.000000000000,      0.000000000000,      0.000000000000,      0.000000000000,      0.000000000000,      0.000000000000,      0.000000000000,      0.000000000000
      0.000000000000,      1.787210510590,     -0.298235670853,     -1.783517908419,     -0.378042499894,      0.917525224385,     -1.154783258443,      0.617183562288,     -0.792705605584,      0.664124507410,      0.001331267676,      0.333726639624,      0.295294774093,      0.119590734355,     -0.149753980586,     -0.145204951100,     -0.009983228060,     -0.110644965019,      0.024298506898,     -0.042297925171,      0.000000000000,      0.000000000000,      0.000000000000,      0.000000000000,      0.000000000000,      0.000000000000,      0.000000000000,      0.000000000000,      0.000000000000,      0.000000000000,      0.000000000000,      0.000000000000,      0.000000000000,      0.000000000000,      0.000000000000,      0.000000000000
      0.000000000000,     -1.741011895401,      0.195008199234,      1.899803669022,     -0.125613203076,      1.222085045013,     -0.860672135000,      0.886858457620,     -0.752263081045,     -0.523957133111,      0.031088638910,     -0.294686211693,      0.321734495675,     -0.082181047854,     -0.177817838095,      0.179610258407,      0.001850420861,      0.053918267723,      0.033850899399,      0.038981160824,      0.000000000000,      0.000000000000,      0.000000000000,      0.000000000000,      0.000000000000,      0.000000000000,      0.000000000000,      0.000000000000,      0.000000000000,      0.000000000000,      0.000000000000,      0.000000000000,      0.000000000000,      0.000000000000,      0.000000000000,      0.000000000000
      0.000000000000,      0.198123867421,     -1.675247010531,      0.240231007267,      1.930174953935,      0.870362257462,     -0.926945820807,     -0.590379460899,      0.950809638314,     -0.680638403040,      0.010704142403,      0.258342405341,     -0.105363106887,     -0.125501123950,     -0.171460366116,      0.008573638244,      0.057328935722,      0.081310700070,     -0.039704375882,      0.067858857485,      0.000000000000,      0.000000000000,      0.000000000000,      0.000000000000,      0.000000000000,      0.000000000000,      0.000000000000,      0.000000000000,      0.000000000000,      0.000000000000,      0.000000000000,      0.000000000000,      0.000000000000,      0.000000000000,      0.000000000000,      0.000000000000
      0.000000000000,     -0.124619829379,      1.711246075113,     -1.863618771043,      0.045536940364,     -0.988796566724,     -1.095112735291,      0.902554672934,      0.702392225014,     -0.012480823376,      0.006435918370,     -0.314118354607,      0.320664542430,      0.167708107259,      0.068227533568,     -0.073248888763,      0.125073895510,     -0.094221150100,     -0.038063218450,      0.036311977903,      0.000000000000,      0.000000000000,      0.000000000000,      0.000000000000,      0.000000000000,      0.000000000000,      0.000000000000,      0.000000000000,      0.000000000000,      0.000000000000,      0.000000000000,      0.000000000000,      0.000000000000,      0.000000000000,      0.000000000000,      0.000000000000
      0.000000000000,      0.258321410049,     -1.845809621973,      1.905887453954,      0.119686126324,     -1.157776531808,      1.131077453043,      0.829221809924,     -0.752463089374,     -0.004958961417,     -0.143563881798,      0.100094094000,     -0.260740398857,      0.259893254307,     -0.008845372570,     -0.158316946011,      0.144612554000,     -0.100546663937,     -0.043253961529,      0.061240842617,      0.000000000000,      0.000000000000,      0.000000000000,      0.000000000000,      0.000000000000,      0.000000000000,      0.000000000000,      0.000000000000,      0.000000000000,      0.000000000000,      0.000000000000,      0.000000000000,      0.000000000000,      0.000000000000,      0.000000000000,      0.000000000000
      0.000000000000,      0.042110354001,     -1.923864452798,     -0.255122010919,      1.615291550361,     -1.059137247506,      0.846268636777,     -0.796911896766,      0.837582951541,      0.338279874627,     -0.001223530514,     -0.335804064209,      0.119257659545,      0.026458747752,     -0.152008836150,     -0.151881540869,      0.132522995795,      0.124739762713,     -0.052967560453,      0.051761891136,      0.000000000000,      0.000000000000,      0.000000000000,      0.000000000000,      0.000000000000,      0.000000000000,      0.000000000000,      0.000000000000,      0.000000000000,      0.000000000000,      0.000000000000,      0.000000000000,      0.000000000000,      0.000000000000,      0.000000000000,      0.000000000000
      0.000000000000,      1.833651258512,     -0.196295126483,     -0.185946346325,     -1.793455704319,      0.890857366542,     -0.978893205325,      0.870240587032,     -0.801105559387,     -0.071586290512,      0.487886889967,      0.000005380979,     -0.228314590844,      0.187160743725,      0.191050656057,     -0.145560605335,      0.067841118040,      0.062612769100,     -0.042835617606,     -0.082836037763,      0.000000000000,      0.000000000000,      0.000000000000,      0.000000000000,      0.000000000000,      0.000000000000,      0.000000000000,      0.000000000000,      0.000000000000,      0.000000000000,      0.000000000000,      0.000000000000,      0.000000000000,      0.000000000000,      0.000000000000,      0.000000000000
      0.000000000000,     -0.282955125685,      1.897714487483,     -0.084794599997,     -1.815664306295,      1.019833310434,     -0.932744416441,      0.663794462699,     -0.839491422139,     -0.034667901323,     -0.034891335278,      0.390630307740,      0.107117486273,     -0.285464467179,      0.255423954174,      0.169227081803,     -0.079022899698,     -0.114837019608,      0.045618603053,     -0.085519398162,      0.000000000000,      0.000000000000,      0.000000000000,      0.000000000000,      0.000000000000,      0.000000000000,      0.000000000000,      0.000000000000,      0.000000000000,      0.000000000000,      0.000000000000,      0.000000000000,      0.000000000000,      0.000000000000,      0.000000000000,      0.000000000000
      0.000000000000,     -1.726577717681,      0.303012266136,      1.868616322786,     -0.012756303171,     -1.009157620796,     -1.031731444300,      1.113982471402,      0.795527227077,     -0.043429393560,     -0.378624252903,      0.001724939754,      0.272872635188,     -0.102535416369,      0.106964146945,     -0.104906466004,     -0.152694022442,      0.154005515929,     -0.138745381197,      0.045839764114,      0.000000000000,      0.000000000000,      0.000000000000,      0.000000000000,      0.000000000000,      0.000000000000,      0.000000000000,      0.000000000000,      0.000000000000,      0.000000000000,      0.000000000000,      0.000000000000,      0.000000000000,      0.000000000000,      0.000000000000,      0.000000000000
      0.000000000000,     -0.303707364637,     -0.027196582844,      1.767399832096,     -1.670959452221,      1.177689890159,     -1.000541330918,      0.818260010956,     -0.581238771570,     -0.041675791714,      0.410243590685,     -0.360118358828,      0.154557721785,     -0.016407586217,      0.077997668748,     -0.160324157227,     -0.125691011486,     -0.068201224651,      0.107940096312,      0.092003781366,      0.000000000000,      0.000000000000,      0.000000000000,      0.000000000000,      0.000000000000,      0.000000000000,      0.000000000000,      0.000000000000,      0.000000000000,      0.000000000000,      0.000000000000,      0.000000000000,      0.000000000000,      0.000000000000,      0.000000000000,      0.000000000000
      0.000000000000,     -0.139744956811,      1.523875242474,     -0.126976556815,     -1.941806924992,      1.045813913417,     -1.121609042117,     -0.637634055980,      0.587684713777,      0.005439848254,      0.437134599510,      0.004824475118,      0.283643339050,      0.135193631395,     -0.271211879756,     -0.127663071205,      0.131160369727,     -0.138575943496,      0.035290480864,     -0.069444976303,      0.000000000000,      0.000000000000,      0.000000000000,      0.000000000000,      0.000000000000,      0.000000000000,      0.000000000000,      0.000000000000,      0.000000000000,      0.000000000000,      0.000000000000,      0.000000000000,      0.000000000000,      0.000000000000,      0.000000000000,      0.000000000000
      0.000000000000,      1.897185055426,      0.268737494252,     -1.696062759113,      0.149414422145,     -1.182834311043,      1.003850214647,      0.946582843826,     -0.784672908115,      0.439323047049,     -0.382057721604,     -0.024551445358,      0.103032786707,     -0.026894374025,     -0.142625748889,     -0.144870165288,      0.141581327424,     -0.070003692679,      0.096337321101,     -0.074575706582,      0.000000000000,      0.000000000000,      0.000000000000,      0.000000000000,      0.000000000000,      0.000000000000,      0.000000000000,      0.000000000000,      0.000000000000,      0.000000000000,      0.000000000000,      0.000000000000,      0.000000000000,      0.000000000000,      0.000000000000,      0.000000000000
      0.000000000000,      0.132404107474,     -1.854270377154,     -0.092419358494,      1.862196245689,     -1.036016657758,     -0.925517415579,      0.664310598302,      0.830983959387,     -0.493831092422,     -0.011698703027,      0.318129298301,     -0.256231330047,     -0.192171577888,      0.209483935011,     -0.083671687957,      0.068377529807,     -0.016074394907,      0.069773971758,      0.097773609252,      0.000000000000,      0.000000000000,      0.000000000000,      0.000000000000,      0.000000000000,      0.000000000000,      0.000000000000,      0.000000000000,      0.000000000000,      0.000000000000,      0.000000000000,      0.000000000000,      0.000000000000,      0.000000000000,      0.000000000000,      0.000000000000
      0.000000000000,     -1.441126076883,      0.010763915483,      1.996626123516,      0.273510182689,     -0.941883831779,      1.076080368369,      0.976425767752,     -0.729484191043,     -0.054787026885,     -0.374358149645,     -0.317832075764,     -0.004149268880,     -0.173910973805,      0.223382613175,      0.162818453459,     -0.058685313969,      0.037644789024,     -0.045068051899,      0.067849115107,      0.000000000000,      0.000000000000,      0.000000000000,      0.000000000000,      0.000000000000,      0.000000000000,      0.000000000000,      0.000000000000,      0.000000000000,      0.000000000000,      0.000000000000,      0.000000000000,      0.000000000000,      0.000000000000,      0.000000000000,      0.000000000000
      0.000000000000,     -0.062554309358,     -0.120780433914,     -1.964007594680,      1.670681747330,      1.125759753875,     -0.874170401075,     -0.700320718783,      0.664822334939,      0.034608520199,     -0.331988556692,      0.280486759484,     -0.125363625692,      0.176620684088,     -0.173201398123,      0.135992533564,      0.017511325168,      0.065690917392,      0.056165461012,     -0.110612063260,      0.000000000000,      0.000000000000,      0.000000000000,      0.000000000000,      0.000000000000,      0.000000000000,      0.000000000000,      0.000000000000,      0.000000000000,      0.000000000000,      0.000000000000,      0.000000000000,      0.000000000000,      0.000000000000,      0.000000000000,      0.000000000000
      0.000000000000,     -0.261342348439,      1.981582084021,     -1.740776587498,     -0.132019967975,      0.985719767601,      0.946176662608,     -0.900229304739,     -0.945860803795,      0.498172489860,     -0.018000274098,     -0.045834761535,      0.072250228608,     -0.219073475272,      0.163916418774,     -0.062449572866,      0.105833589083,     -0.077660879528,      0.037601378441,     -0.048439144039,      0.000000000000,      0.000000000000,      0.000000000000,      0.000000000000,      0.000000000000,      0.000000000000,      0.000000000000,      0.000000000000,      0.000000000000,      0.000000000000,      0.000000000000,      0.000000000000,      0.000000000000,      0.000000000000,      0.000000000000,      0.000000000000
      0.000000000000,     -0.116197976275,     -2.023269143035,      1.720573012939,     -0.346439303809,     -1.176442647165,      0.973084875351,      0.704869386477,     -0.660026852703,     -0.006238217467,      0.386495517631,     -0.304762407456,      0.182292153354,      0.105529287417,      0.010787688930,     -0.050660202998,      0.121898787523,     -0.124608383957,      0.045587941968,     -0.093869692035,      0.000000000000,      0.000000000000,      0.000000000000,      0.000000000000,      0.000000000000,      0.000000000000,      0.000000000000,      0.000000000000,      0.000000000000,      0.000000000000,      0.000000000000,      0.000000000000,      0.000000000000,      0.000000000000,      0.000000000000,      0.000000000000
      0.000000000000,     -1.851103215740,      0.035906198796,      1.807179328755,      0.000338333741,      0.872740914438,      0.851451425406,     -0.851439136666,     -0.891247686873,     -0.427304125701,      0.001361887713,      0.385724678561,     -0.055528910754,     -0.135443546210,      0.061168676003,      0.144850782446,      0.137521395503,      0.057575242599,     -0.066593385444,     -0.104601739878,      0.000000000000,      0.000000000000,      0.000000000000,      0.000000000000,      0.000000000000,      0.000000000000,      0.000000000000,      0.000000000000,      0.000000000000,      0.000000000000,      0.000000000000,      0.000000000000,      0.000000000000,      0.000000000000,      0.000000000000,      0.000000000000
      0.000000000000,      0.188805244313,     -1.867590506022,     -0.069780573189,      1.631615321682,     -1.136364233988,      1.119652398928,      0.741767908798,     -0.734730272203,      0.030725079271,     -0.404677793008,      0.280908588814,     -0.127407465198,     -0.207016967163,      0.070414248409,      0.009437857032,      0.131911221904,     -0.113509918441,      0.054561425059,      0.079590864010,      0.000000000000,      0.000000000000,      0.000000000000,      0.000000000000,      0.000000000000,      0.000000000000,      0.000000000000,      0.000000000000,      0.000000000000,      0.000000000000,      0.000000000000,      0.000000000000,      0.000000000000,      0.000000000000,      0.000000000000,      0.000000000000
      0.000000000000,      1.731911855779,     -0.220346112833,     -0.537899969952,     -1.643814662375,      0.990929468854,     -0.936394579981,      0.755399060397,     -0.912205519235,      0.458472365526,     -0.029621792995,      0.341509262255,      0.131996259272,     -0.000003417704,     -0.242018907276,     -0.086040920221,      0.094034865677,      0.133742040531,     -0.079126693345,     -0.043336720248,      0.000000000000,      0.000000000000,      0.000000000000,      0.000000000000,      0.000000000000,      0.000000000000,      0.000000000000,      0.000000000000,      0.000000000000,      0.000000000000,      0.000000000000,      0.000000000000,      0.000000000000,      0.000000000000,      0.000000000000,      0.000000000000
      0.000000000000,     -1.827056529060,     -0.083829871000,      0.038222986040,      1.937595655883,      1.356139950358,     -0.832648443279,     -0.955833483243,      0.653866166818,     -0.011656502876,     -0.048394853647,     -0.176548377265,      0.137914598216,     -0.268500881941,      0.272137949591,     -0.160468499658,      0.151579846553,      0.143042500373,     -0.125694818624,      0.044981288439,      0.000000000000,      0.000000000000,      0.000000000000,      0.000000000000,      0.000000000000,      0.000000000000,      0.000000000000,      0.000000000000,      0.000000000000,      0.000000000000,      0.000000000000,      0.000000000000,      0.000000000000,      0.000000000000,      0.000000000000,      0.000000000000
      0.000000000000,     -0.036681073422,     -1.888750238017,     -0.252164178101,      1.406334801198,     -1.223221565032,      1.014400880680,      0.613726772646,     -0.599601284230,      0.035620577857,     -0.502627017603,      0.346243090881,      0.155286607657,      0.018593367523,      0.223270554733,     -0.127643951006,      0.150593652261,     -0.165741856896,     -0.043318212059,      0.037345057945,      0.000000000000,      0.000000000000,      0.000000000000,      0.000000000000,      0.000000000000,      0.000000000000,      0.000000000000,      0.000000000000,      0.000000000000,      0.000000000000,      0.000000000000,      0.000000000000,      0.000000000000,      0.000000000000,      0.000000000000,      0.000000000000
      0.000000000000,      2.087165294475,     -0.264592678068,     -0.182803665881,     -1.632724882352,      1.212289252483,      0.923903369646,     -1.077788679649,     -0.582875909114,     -0.058428157194,     -0.009034587935,      0.481642978684,     -0.247103687912,      0.073083755677,      0.234136498741,      0.182478746532,     -0.120242936763,      0.067297420995,     -0.044179928334,     -0.082131660349,      0.000000000000,      0.000000000000,      0.000000000000,      0.000000000000,      0.000000000000,      0.000000000000,      0.000000000000,      0.000000000000,      0.000000000000,      0.000000000000,      0.000000000000,      0.000000000000,      0.000000000000,      0.000000000000,      0.000000000000,      0.000000000000
      0.000000000000,     -1.965882193727,      0.070330011706,     -0.072926716604,      1.835879708231,     -1.016744337104,     -0.904659844383,      0.872440205273,      0.887157915736,      0.019842941634,     -0.442498256224,      0.394208635159,     -0.114635391329,      0.027536825905,     -0.077232176997,     -0.155563978562,      0.081389758497,      0.054400400408,     -0.130064242631,      0.095510066710,      0.000000000000,      0.000000000000,      0.000000000000,      0.000000000000,      0.000000000000,      0.000000000000,      0.000000000000,      0.000000000000,      0.000000000000,      0.000000000000,      0.000000000000,      0.000000000000,      0.000000000000,      0.000000000000,      0.000000000000,      0.000000000000
      0.000000000000,      2.224895140289,      0.006560211386,     -1.446660594034,     -0.101370030541,     -0.863874384567,      0.865410887322,      0.707000162517,     -0.731640268665,     -0.080733711214,      0.496638719852,     -0.378416934537,      0.369047461461,      0.076171966662,     -0.086298983274,     -0.032562052007,     -0.118367946909,      0.037823493092,     -0.091017339694,     -0.062689978210,      0.000000000000,      0.000000000000,      0.000000000000,      0.000000000000,      0.000000000000,      0.000000000000,      0.000000000000,      0.000000000000,      0.000000000000,      0.000000000000,      0.000000000000,      0.000000000000,      0.000000000000,      0.000000000000,      0.000000000000,      0.000000000000
      0.000000000000,     -2.044205901418,     -0.025691165583,      1.686903597216,      0.167623098672,     -1.101587119926,      0.780700812231,     -0.741039490155,      0.894613927242,      0.008374726903,      0.476152241705,     -0.413320724717,      0.177985172767,     -0.010884510004,     -0.208876261821,     -0.080930468149,     -0.046020561066,     -0.086224838925,      0.092893332714,      0.038294781381,      0.000000000000,      0.000000000000,      0.000000000000,      0.000000000000,      0.000000000000,      0.000000000000,      0.000000000000,      0.000000000000,      0.000000000000,      0.000000000000,      0.000000000000,      0.000000000000,      0.000000000000,      0.000000000000,      0.000000000000,      0.000000000000
      0.000000000000,      2.121229980125,     -0.262857628803,     -1.875853583202,      0.076681033773,     -0.897636207837,      1.006100428651,     -0.727104500249,      0.678263904776,      0.002273076012,     -0.470158291676,     -0.024029387271,      0.271966128644,      0.109250120869,      0.282709465942,     -0.165282597575,     -0.078661761815,      0.122077300091,      0.041403959423,     -0.049747286767,      0.000000000000,      0.000000000000,      0.000000000000,      0.000000000000,      0.000000000000,      0.000000000000,      0.000000000000,      0.000000000000,      0.000000000000,      0.000000000000,      0.000000000000,      0.000000000000,      0.000000000000,      0.000000000000,      0.000000000000,      0.000000000000
      0.000000000000,     -1.969498673378,      0.369193099630,      0.299357853649,      1.596861512267,     -0.927613764651,     -0.914645292963,      0.839710079079,      0.909463459441,     -0.488715218746,      0.027457085537,      0.011371546120,     -0.145801937948,     -0.238521408300,      0.226246419044,     -0.068816372363,     -0.184307735282,      0.061995302310,      0.058498012135,      0.079145328386,      0.000000000000,      0.000000000000,      0.000000000000,      0.000000000000,      0.000000000000,      0.000000000000,      0.000000000000,      0.000000000000,      0.000000000000,      0.000000000000,      0.000000000000,      0.000000000000,      0.000000000000,      0.000000000000,      0.000000000000,      0.000000000000
      0.000000000000,      1.845007453313,     -0.238070399990,     -0.433592897496,     -1.692490466132,      1.019747628636,      0.877909907005,     -0.880134790531,     -0.722403411265,      0.487415409375,      0.018989133199,      0.009649667072,     -0.280500693479,      0.214790695182,      0.182617252934,      0.102557446355,      0.071889835816,     -0.097452269240,     -0.045073630007,     -0.043755609276,      0.000000000000,      0.000000000000,      0.000000000000,      0.000000000000,      0.000000000000,      0.000000000000,      0.000000000000,      0.000000000000,      0.000000000000,      0.000000000000,      0.000000000000,      0.000000000000,      0.000000000000,      0.000000000000,      0.000000000000,      0.000000000000
      0.000000000000,     -1.874979168218,      1.797431620053,      0.078697876624,      0.219344873412,     -1.001862305491,     -0.819013898377,      0.848987534174,      0.830476638177,      0.061668111190,     -0.451710319095,      0.305746961957,     -0.091433756068,     -0.203325993784,      0.112396620192,      0.008280691334,     -0.149435696421,      0.117556933564,     -0.049687270974,      0.085714742552,      0.000000000000,      0.000000000000,      0.000000000000,      0.000000000000,      0.000000000000,      0.000000000000,      0.000000000000,      0.000000000000,      0.000000000000,      0.000000000000,      0.000000000000,      0.000000000000,      0.000000000000,      0.000000000000,      0.000000000000,      0.000000000000
      0.000000000000,      0.197606105466,     -1.935459706767,      0.365580051185,      1.591095281166,     -0.882003022502,      0.834663460769,     -0.723729643529,      0.873616242382,     -0.503258517325,      0.039020563192,      0.360501200709,     -0.096232920388,      0.009756141348,     -0.195316726634,     -0.200486875518,      0.097479461996,      0.132578986976,      0.072925607531,     -0.042766765162,      0.000000000000,      0.000000000000,      0.000000000000,      0.000000000000,      0.000000000000,      0.000000000000,      0.000000000000,      0.000000000000,      0.000000000000,      0.000000000000,      0.000000000000,      0.000000000000,      0.000000000000,      0.000000000000,      0.000000000000,      0.000000000000
      0.000000000000,      0.240590032569,      2.171411138043,      0.184918520631,     -1.718621872079,     -1.184371386592,      1.196018487279,     -0.853491050087,      0.722636470629,     -0.039946933506,     -0.002545967602,     -0.315523589558,      0.320099827629,     -0.203101381435,      0.101651906552,     -0.080173791736,     -0.070351152174,      0.112428633613,     -0.082654045959,      0.075578314808,      0.000000000000,      0.000000000000,      0.000000000000,      0.000000000000,      0.000000000000,      0.000000000000,      0.000000000000,      0.000000000000,      0.000000000000,      0.000000000000,      0.000000000000,      0.000000000000,      0.000000000000,      0.000000000000,      0.000000000000,      0.000000000000
      0.000000000000,     -1.736529851295,      0.288643472374,      0.224496353238,     -1.150522757658,      1.543754138588,     -0.784336098347,      0.903135831536,      0.635944407988,     -0.357645959211,      0.043099452784,     -0.381263360262,     -0.146115592391,      0.303578789931,     -0.265353855215,      0.048508099219,      0.125586786520,     -0.062258523049,      0.102845017980,      0.023137234114,      0.000000000000,      0.000000000000,      0.000000000000,      0.000000000000,      0.000000000000,      0.000000000000,      0.000000000000,      0.000000000000,      0.000000000000,      0.000000000000,      0.000000000000,      0.000000000000,      0.000000000000,      0.000000000000,      0.000000000000,      0.000000000000
      0.000000000000,      2.117329228871,      0.040201179561,      0.058965417178,     -1.533542351669,      0.857695146889,     -0.939560701004,      0.858248216641,     -0.715158943451,     -0.067745720844,     -0.037231185591,      0.421528453182,     -0.252786756672,     -0.126587234086,      0.088205086034,     -0.161782859272,      0.061695783919,      0.180596199637,      0.151656462328,     -0.122241343572,      0.000000000000,      0.000000000000,      0.000000000000,      0.000000000000,      0.000000000000,      0.000000000000,      0.000000000000,      0.000000000000,      0.000000000000,      0.000000000000,      0.000000000000,      0.000000000000,      0.000000000000,      0.000000000000,      0.000000000000,      0.000000000000
      0.000000000000,     -2.200798517272,      0.257171089235,      1.640007879491,      0.178523538220,     -1.225915684478,     -0.954762195775,      1.128562335955,      0.710773642280,      0.073114165100,      0.031094085309,     -0.381214848849,     -0.123214401153,     -0.196001957319,     -0.164791304806,      0.125910343066,     -0.047615498923,      0.131467248999,      0.079391021799,      0.047187564248,      0.000000000000,      0.000000000000,      0.000000000000,      0.000000000000,      0.000000000000,      0.000000000000,      0.000000000000,      0.000000000000,      0.000000000000,      0.000000000000,      0.000000000000,      0.000000000000,      0.000000000000,      0.000000000000,      0.000000000000,      0.000000000000
      0.000000000000,      0.004872271863,      0.233780314243,      1.697279944801,     -1.586586379927,      0.951016216747,     -0.832487916820,      0.731859857417,     -0.728415103852,      0.554404434603,     -0.000061642310,     -0.356047652308,     -0.107708194498,      0.003786295580,     -0.190895479484,      0.174210954680,      0.159096424409,     -0.157808797740,      0.073563854982,     -0.057150471762,      0.000000000000,      0.000000000000,      0.000000000000,      0.000000000000,      0.000000000000,      0.000000000000,      0.000000000000,      0.000000000000,      0.000000000000,      0.000000000000,      0.000000000000,      0.000000000000,      0.000000000000,      0.000000000000,      0.000000000000,      0.000000000000
      0.000000000000,      1.794511928636,     -0.459078310606,     -1.757307959696,      1.139903742193,     -0.296465982328,      0.891792329264,     -0.958132735659,     -0.940051161901,      0.023227660562,      0.436886964507,      0.359776561582,      0.243517622195,      0.118673070922,     -0.102663651651,     -0.012751441913,     -0.139214421642,     -0.109749759301,      0.023211267412,     -0.047261249841,      0.000000000000,      0.000000000000,      0.000000000000,      0.000000000000,      0.000000000000,      0.000000000000,      0.000000000000,      0.000000000000,      0.000000000000,      0.000000000000,      0.000000000000,      0.000000000000,      0.000000000000,      0.000000000000,      0.000000000000,      0.000000000000
      0.000000000000,     -1.685608601664,      0.394829047905,      0.260720280293,      1.729994948047,      1.085083503044,     -0.939934864462,     -0.712077538090,      0.770251309771,     -0.553530955665,     -0.387479396765,      0.389186407651,      0.010759064645,      0.020825659872,     -0.199453605193,     -0.057280389185,     -0.075013590652,      0.032469072632,      0.059003216295,      0.037896069325,      0.000000000000,      0.000000000000,      0.000000000000,      0.000000000000,      0.000000000000,      0.000000000000,      0.000000000000,      0.000000000000,      0.000000000000,      0.000000000000,      0.000000000000,      0.000000000000,      0.000000000000,      0.000000000000,      0.000000000000,      0.000000000000
      0.000000000000,      1.974273053669,     -0.254922937520,     -0.229532412348,     -1.504240826986,      1.040991109490,     -0.883690199789,     -0.895655094989,      0.871057975306,     -0.438167945639,      0.419947476330,     -0.033142119250,      0.115544625909,      0.175943204513,      0.001840502001,     -0.072227392729,      0.146638176159,      0.058046892389,     -0.032392760564,     -0.054607700626,      0.000000000000,      0.000000000000,      0.000000000000,      0.000000000000,      0.000000000000,      0.000000000000,      0.000000000000,      0.000000000000,      0.000000000000,      0.000000000000,      0.000000000000,      0.000000000000,      0.000000000000,      0.000000000000,      0.000000000000,      0.000000000000
      0.000000000000,     -1.964265309944,      0.285165502151,      0.336629314043,      1.782068114787,     -0.930563302054,     -0.901556922085,      0.871965512677,      0.810621718628,      0.030995189653,     -0.344965216860,     -0.004343799529,     -0.255259982608,     -0.219697760411,      0.247188950331,     -0.069938128042,      0.058055126716,     -0.048015304988,      0.043875267171,      0.085684843147,      0.000000000000,      0.000000000000,      0.000000000000,      0.000000000000,      0.000000000000,      0.000000000000,      0.000000000000,      0.000000000000,      0.000000000000,      0.000000000000,      0.000000000000,      0.000000000000,      0.000000000000,      0.000000000000,      0.000000000000,      0.000000000000
      0.000000000000,      1.630152456282,     -0.179176386546,     -1.912856740349,     -0.308764401878,      0.773629696420,      0.862853187578,     -0.992930941340,     -0.808733488196,     -0.006917678526,      0.400267032035,      0.296749221728,      0.167558699799,     -0.282911240281,      0.198476734927,     -0.075324820022,     -0.003712121897,     -0.113438472758,      0.041393683719,     -0.038639342300,      0.000000000000,      0.000000000000,      0.000000000000,      0.000000000000,      0.000000000000,      0.000000000000,      0.000000000000,      0.000000000000,      0.000000000000,      0.000000000000,      0.000000000000,      0.000000000000,      0.000000000000,      0.000000000000,      0.000000000000,      0.000000000000
      0.000000000000,     -0.612297991784,      1.542636502841,     -2.072012772203,      1.001419324094,     -0.148828321248,      0.867206485306,     -0.916565518652,     -0.611096181931,      0.527118633467,      0.035999894713,      0.027176187021,      0.150624839268,      0.249339274970,     -0.296480582446,      0.146014855485,     -0.130721702395,      0.073252680749,     -0.044037322003,     -0.073891180094,      0.000000000000,      0.000000000000,      0.000000000000,      0.000000000000,      0.000000000000,      0.000000000000,      0.000000000000,      0.000000000000,      0.000000000000,      0.000000000000,      0.000000000000,      0.000000000000,      0.000000000000,      0.000000000000,      0.000000000000,      0.000000000000
      0.000000000000,     -0.085460444710,      2.087942729202,     -1.950728910719,     -0.170297510798,      0.982112196365,      0.952271259557,     -0.948041271169,     -0.723823005821,      0.007482242748,     -0.447166220177,      0.002584723876,      0.363551091953,     -0.094781570067,     -0.105730525679,      0.192640657331,      0.073427391299,      0.062494753727,      0.111079245056,     -0.092309765949,      0.000000000000,      0.000000000000,      0.000000000000,      0.000000000000,      0.000000000000,      0.000000000000,      0.000000000000,      0.000000000000,      0.000000000000,      0.000000000000,      0.000000000000,      0.000000000000,      0.000000000000,      0.000000000000,      0.000000000000,      0.000000000000
      0.000000000000,     -1.719497668301,      0.293343038154,      0.069371933690,      1.783777956863,     -0.935601895229,     -1.038437267109,      0.995083991089,      0.765001577150,     -0.560559932671,     -0.003009386181,      0.015036777832,     -0.104076659672,     -0.116997508398,      0.177668188544,      0.149279628858,      0.079934197937,     -0.147027367784,     -0.128732517289,      0.045405674906,      0.000000000000,      0.000000000000,      0.000000000000,      0.000000000000,      0.000000000000,      0.000000000000,      0.000000000000,      0.000000000000,      0.000000000000,      0.000000000000,      0.000000000000,      0.000000000000,      0.000000000000,      0.000000000000,      0.000000000000,      0.000000000000
      0.000000000000,     -0.173616497520,     -0.136888353113,      1.796224004994,     -1.668125586293,      0.915146729426,     -0.926384064705,      0.877118339781,     -0.712433615691,     -0.016239989946,     -0.025665640452,      0.403845735498,     -0.317980729551,      0.064934653633,     -0.078715202666,      0.178578125650,      0.073183443970,      0.133154152694,     -0.108731846457,     -0.105721357011,      0.000000000000,      0.000000000000,      0.000000000000,      0.000000000000,      0.000000000000,      0.000000000000,      0.000000000000,      0.000000000000,      0.000000000000,      0.000000000000,      0.000000000000,      0.000000000000,      0.000000000000,      0.000000000000,      0.000000000000,      0.000000000000
      0.000000000000,     -0.042965961860,      1.577103440488,     -1.999512883809,     -0.239988171456,      1.067738482911,      0.790601401207,     -1.013114582075,     -0.812100184401,      0.578374950094,      0.010143801880,      0.023843217649,     -0.086670504840,      0.163655568806,     -0.199697901535,      0.093267328976,      0.085822132927,     -0.163614809594,     -0.041824898418,      0.099037153807,      0.000000000000,      0.000000000000,      0.000000000000,      0.000000000000,      0.000000000000,      0.000000000000,      0.000000000000,      0.000000000000,      0.000000000000,      0.000000000000,      0.000000000000,      0.000000000000,      0.000000000000,      0.000000000000,      0.000000000000,      0.000000000000
      0.000000000000,      1.795744052908,     -0.139304140224,     -1.922762060990,      0.030400422619,     -0.974224414840,      0.967107336834,      0.863961349482,     -0.814715966366,     -0.009404081724,      0.416611266823,     -0.372408679684,      0.222122272554,      0.003230182629,     -0.154609349271,     -0.067829439940,      0.071159739425,      0.117963402649,      0.040995801724,     -0.103958803118,      0.000000000000,      0.000000000000,      0.000000000000,      0.000000000000,      0.000000000000,      0.000000000000,      0.000000000000,      0.000000000000,      0.000000000000,      0.000000000000,      0.000000000000,      0.000000000000,      0.000000000000,      0.000000000000,      0.000000000000,      0.000000000000
      0.000000000000,     -1.917267759050,      0.429137313884,      0.356127235083,      1.584790834388,     -0.961728102244,     -1.054389486266,      0.761499306782,      0.728272089536,     -0.654108785886,      0.045639536647,     -0.286473950415,      0.327676517610,     -0.135649273422,     -0.000854466530,     -0.139003952888,      0.075658568630,     -0.043263883401,      0.114161712492,      0.056171131572,      0.000000000000,      0.000000000000,      0.000000000000,      0.000000000000,      0.000000000000,      0.000000000000,      0.000000000000,      0.000000000000,      0.000000000000,      0.000000000000,      0.000000000000,      0.000000000000,      0.000000000000,      0.000000000000,      0.000000000000,      0.000000000000
      0.000000000000,      2.043557954662,     -0.195731354434,      0.085824656277,     -1.508134736754,     -1.044828815836,     -0.872052861843,      0.841673973303,      0.997052845101,     -0.030717166106,     -0.368324264205,      0.315875530344,      0.244399066979,     -0.185092428971,     -0.023147932268,     -0.167854733478,      0.084101688777,      0.062469569420,     -0.087885554213,      0.106526213888,      0.000000000000,      0.000000000000,      0.000000000000,      0.000000000000,      0.000000000000,      0.000000000000,      0.000000000000,      0.000000000000,      0.000000000000,      0.000000000000,      0.000000000000,      0.000000000000,      0.000000000000,      0.000000000000,      0.000000000000,      0.000000000000
      0.000000000000,     -1.783593250598,      0.398748232488,      0.132824586058,      1.671199798474,     -0.925136996768,      0.869397890334,     -0.745425236026,      1.011842715838,      0.084745991794,     -0.358545428412,     -0.340341822908,     -0.006250058467,     -0.290298501010,     -0.095204594016,      0.228370350337,      0.074583988941,     -0.051372308321,      0.086694147914,      0.036301427610,      0.000000000000,      0.000000000000,      0.000000000000,      0.000000000000,      0.000000000000,      0.000000000000,      0.000000000000,      0.000000000000,      0.000000000000,      0.000000000000,      0.000000000000,      0.000000000000,      0.000000000000,      0.000000000000,      0.000000000000,      0.000000000000
      0.000000000000,     -0.429591154967,     -0.003987464453,      1.810028842807,     -1.683015649359,     -1.151022893692,      1.076230636301,      0.738744685968,     -0.645396759549,      0.030278319001,      0.416917430577,     -0.297211538093,     -0.024164251335,      0.110685579312,      0.198164953636,     -0.081539628705,      0.128573888435,     -0.105203336486,      0.043545793062,     -0.067276124255,      0.000000000000,      0.000000000000,      0.000000000000,      0.000000000000,      0.000000000000,      0.000000000000,      0.000000000000,      0.000000000000,      0.000000000000,      0.000000000000,      0.000000000000,      0.000000000000,      0.000000000000,      0.000000000000,      0.000000000000,      0.000000000000
      0.000000000000,     -0.035737134308,      1.868113788651,     -1.788408105248,      0.234675694179,      1.155177966399,     -0.977830567923,     -0.769166263092,      0.623208962321,     -0.004672232292,      0.395537923304,     -0.356605422082,      0.116602873842,     -0.092760365504,     -0.159673923324,     -0.001830124415,      0.137461951394,      0.050827616311,     -0.104400132360,     -0.039781638578,      0.000000000000,      0.000000000000,      0.000000000000,      0.000000000000,      0.000000000000,      0.000000000000,      0.000000000000,      0.000000000000,      0.000000000000,      0.000000000000,      0.000000000000,      0.000000000000,      0.000000000000,      0.000000000000,      0.000000000000,      0.000000000000
      0.000000000000,     -0.023522116268,      1.621716159606,     -1.928161545213,     -0.100341665015,      1.055440945199,     -1.003903873860,     -0.960665465848,      0.599177591920,      0.002089727597,      0.146608957660,      0.354664924018,     -0.325276374814,      0.242864944947,     -0.033537146176,     -0.140789572043,      0.139330762841,     -0.068362594305,      0.055658430618,     -0.098157722713,      0.000000000000,      0.000000000000,      0.000000000000,      0.000000000000,      0.000000000000,      0.000000000000,      0.000000000000,      0.000000000000,      0.000000000000,      0.000000000000,      0.000000000000,      0.000000000000,      0.000000000000,      0.000000000000,      0.000000000000,      0.000000000000
      0.000000000000,      0.172603074653,     -1.732976581864,      0.355531305805,      1.866084057893,     -0.856295646047,      1.081643734794,     -1.001347376358,      0.854401016765,     -0.010773386689,     -0.398679069978,     -0.328442373654,     -0.003322569044,      0.297695696114,     -0.122441640482,      0.083233447397,      0.130914281011,     -0.045347595156,     -0.083298071930,      0.074698853221,      0.000000000000,      0.000000000000,      0.000000000000,      0.000000000000,      0.000000000000,      0.000000000000,      0.000000000000,      0.000000000000,      0.000000000000,      0.000000000000,      0.000000000000,      0.000000000000,      0.000000000000,      0.000000000000,      0.000000000000,      0.000000000000
      0.000000000000,     -0.176592156777,     -0.066196353290,      1.824767985149,     -1.689200044086,     -0.988029380885,      1.047444849412,     -0.802594578627,      0.757935557129,     -0.340436375605,     -0.008270116675,      0.283225081729,      0.126312192683,     -0.207223581259,     -0.099234608034,      0.174017748532,      0.055085712818,     -0.003588084386,     -0.141181786434,      0.144283462597,      0.000000000000,      0.000000000000,      0.000000000000,      0.000000000000,      0.000000000000,      0.000000000000,      0.000000000000,      0.000000000000,      0.000000000000,      0.000000000000,      0.000000000000,      0.000000000000,      0.000000000000,      0.000000000000,      0.000000000000,      0.000000000000
      0.000000000000,      0.078401863354,     -1.747581658039,      0.008803219823,      1.843681888496,      1.145433869169,     -1.055821853007,      0.894459607296,     -0.674957788882,     -0.043088837471,     -0.023836746740,     -0.281677838577,      0.296012637902,     -0.254627439785,      0.039348743810,     -0.059916292202,     -0.095151158588,      0.098842485137,      0.109281905098,      0.045426508925,      0.000000000000,      0.000000000000,      0.000000000000,      0.000000000000,      0.000000000000,      0.000000000000,      0.000000000000,      0.000000000000,      0.000000000000,      0.000000000000,      0.000000000000,      0.000000000000,      0.000000000000,      0.000000000000,      0.000000000000,      0.000000000000
      0.000000000000,     -0.240485298806,      1.677213127156,     -0.329518752880,     -1.929279324147,      0.834925631837,     -1.057134409516,     -0.826752894855,      0.748978297922,      0.358392492603,     -0.045313604553,      0.293888363498,     -0.304782375706,      0.132022687318,      0.100488725536,     -0.102876228304,      0.020286469346,      0.141828613856,     -0.040388037960,     -0.083364420404,      0.000000000000,      0.000000000000,      0.000000000000,      0.000000000000,      0.000000000000,      0.000000000000,      0.000000000000,      0.000000000000,      0.000000000000,      0.000000000000,      0.000000000000,      0.000000000000,      0.000000000000,      0.000000000000,      0.000000000000,      0.000000000000
      0.000000000000,     -0.175442854252,      1.805971890861,     -1.871691897114,     -0.200973435440,      0.982450071133,     -1.136173240796,      0.818203524241,     -0.773377446800,     -0.028997823258,     -0.072942832624,      0.410989642300,     -0.267175850598,      0.089086165215,      0.128316272030,      0.209528243194,     -0.125871114739,      0.123018115469,     -0.056163275850,     -0.086641363352,      0.000000000000,      0.000000000000,      0.000000000000,      0.000000000000,      0.000000000000,      0.000000000000,      0.000000000000,      0.000000000000,      0.000000000000,      0.000000000000,      0.000000000000,      0.000000000000,      0.000000000000,      0.000000000000,      0.000000000000,      0.000000000000
      0.000000000000,     -0.147639183770,      1.589933516234,     -2.019609104810,     -0.314471852849,      0.776990804478,      0.780924408248,     -0.744404758660,     -0.889753931444,      0.562987789474,      0.082146378002,     -0.037470246624,     -0.403591720420,      0.226111644383,      0.183317087772,     -0.171769503229,      0.073553661079,      0.099421648120,     -0.107981990694,     -0.044682360597,      0.000000000000,      0.000000000000,      0.000000000000,      0.000000000000,      0.000000000000,      0.000000000000,      0.000000000000,      0.000000000000,      0.000000000000,      0.000000000000,      0.000000000000,      0.000000000000,      0.000000000000,      0.000000000000,      0.000000000000,      0.000000000000
      0.000000000000,      2.066336198966,     -1.785687488617,     -0.014172120046,     -0.102753332909,      1.033011101822,      1.121825228759,     -0.971321355454,     -0.749237385350,     -0.032618961345,     -0.388003035465,      0.313923170840,     -0.025417544576,      0.244505063959,     -0.115377452731,      0.106802422645,     -0.109647101376,      0.084863859810,     -0.113114493598,      0.116255883105,      0.000000000000,      0.000000000000,      0.000000000000,      0.000000000000,      0.000000000000,      0.000000000000,      0.000000000000,      0.000000000000,      0.000000000000,      0.000000000000,      0.000000000000,      0.000000000000,      0.000000000000,      0.000000000000,      0.000000000000,      0.000000000000
      0.000000000000,     -1.910834609053,      0.438445811708,      0.053252076221,      1.691775282575,     -0.887937249797,     -0.856567839636,      0.924726723709,      0.738594041100,     -0.646634914910,      0.029049821854,      0.032462687636,     -0.300616780744,     -0.105691189953,      0.248884123724,      0.070948427234,     -0.122843831755,      0.051279287144,     -0.052898325216,      0.086986349823,      0.000000000000,      0.000000000000,      0.000000000000,      0.000000000000,      0.000000000000,      0.000000000000,      0.000000000000,      0.000000000000,      0.000000000000,      0.000000000000,      0.000000000000,      0.000000000000,      0.000000000000,      0.000000000000,      0.000000000000,      0.000000000000
      0.000000000000,      1.969147151149,     -0.050534876312,     -0.189999687460,     -1.409488252130,      1.093500411658,      0.816163096193,     -0.790846041009,     -0.895409545079,     -0.084891541074,      0.475847700283,     -0.289776761229,      0.107804574645,      0.233733254078,     -0.138354204790,     -0.004034618583,      0.147046113632,     -0.057243950723,      0.044121438106,     -0.101203528209,      0.000000000000,      0.000000000000,      0.000000000000,      0.000000000000,      0.000000000000,      0.000000000000,      0.000000000000,      0.000000000000,      0.000000000000,      0.000000000000,      0.000000000000,      0.000000000000,      0.000000000000,      0.000000000000,      0.000000000000,      0.000000000000
      0.000000000000,      0.118901647854,     -1.891580520653,      0.084965037850,      1.553330472997,     -0.913331814941,     -0.882962428514,      0.905279135663,      0.955695813867,      0.062515793468,      0.039847387149,     -0.439429636141,      0.220252999778,      0.191294679648,     -0.173769149582,     -0.066461912065,     -0.158828678938,     -0.059308902081,      0.078756080410,      0.042501676586,      0.000000000000,      0.000000000000,      0.000000000000,      0.000000000000,      0.000000000000,      0.000000000000,      0.000000000000,      0.000000000000,      0.000000000000,      0.000000000000,      0.000000000000,      0.000000000000,      0.000000000000,      0.000000000000,      0.000000000000,      0.000000000000
      0.000000000000,     -0.191057964445,      1.912432154045,     -0.105593208527,     -1.662541726027,      0.939909750728,      0.893322261702,     -1.115725645860,     -0.654025453389,      0.588126865541,     -0.011478154306,     -0.137978913272,     -0.250770247781,      0.200792489257,      0.073500501826,     -0.009988581630,     -0.109262948349,      0.043902528058,     -0.063256402895,      0.074071643458,      0.000000000000,      0.000000000000,      0.000000000000,      0.000000000000,      0.000000000000,      0.000000000000,      0.000000000000,      0.000000000000,      0.000000000000,      0.000000000000,      0.000000000000,      0.000000000000,      0.000000000000,      0.000000000000,      0.000000000000,      0.000000000000
      0.000000000000,      1.821416320064,     -1.923586848519,     -0.272067337400,     -0.434819549618,      0.913203851830,     -1.141711161773,     -0.861374942661,      0.633090496259,      0.453269091679,     -0.003887202834,      0.259065067507,      0.235253032078,      0.092541896320,     -0.010982868551,     -0.217332945881,     -0.148444756262,     -0.053817830177,      0.037097975838,     -0.040824332040,      0.000000000000,      0.000000000000,      0.000000000000,      0.000000000000,      0.000000000000,      0.000000000000,      0.000000000000,      0.000000000000,      0.000000000000,      0.000000000000,      0.000000000000,      0.000000000000,      0.000000000000,      0.000000000000,      0.000000000000,      0.000000000000
      0.000000000000,     -1.670620472760,      0.209113647267,      1.869557112856,      0.161913884793,      1.042818821381,      0.888864355347,     -0.720673466401,     -0.882747588748,     -0.503083106468,      0.443419087731,     -0.019843970759,     -0.211526432603,     -0.194371945992,     -0.018168452354,      0.075037184625,     -0.065969713432,     -0.056186081940,      0.081327258518,      0.026952380568,      0.000000000000,      0.000000000000,      0.000000000000,      0.000000000000,      0.000000000000,      0.000000000000,      0.000000000000,      0.000000000000,      0.000000000000,      0.000000000000,      0.000000000000,      0.000000000000,      0.000000000000,      0.000000000000,      0.000000000000,      0.000000000000
      0.000000000000,      1.947287931485,     -0.088753304805,     -0.347884758190,     -1.969701198928,     -0.823330066564,     -0.892439129759,      0.852833903657,      0.742308324678,     -0.505355170354,      0.006273745735,      0.021683751769,      0.333384645400,      0.241784399894,      0.106022155599,      0.076685845234,      0.094697568886,     -0.046146115951,     -0.095623440988,     -0.045452996108,      0.000000000000,      0.000000000000,      0.000000000000,      0.000000000000,      0.000000000000,      0.000000000000,      0.000000000000,      0.000000000000,      0.000000000000,      0.000000000000,      0.000000000000,      0.000000000000,      0.000000000000,      0.000000000000,      0.000000000000,      0.000000000000
      0.000000000000,     -1.884940466849,      0.407033927167,      1.666827151865,      0.126665369206,     -1.080143791728,      0.908176270968,     -0.870972171154,      0.856073294955,      0.068430023311,     -0.413300735133,     -0.026442511842,     -0.179067806607,     -0.101596354095,     -0.195083788459,      0.201897508498,     -0.065048690492,      0.151708204904,      0.065364535141,      0.030933617256,      0.000000000000,      0.000000000000,      0.000000000000,      0.000000000000,      0.000000000000,      0.000000000000,      0.000000000000,      0.000000000000,      0.000000000000,      0.000000000000,      0.000000000000,      0.000000000000,      0.000000000000,      0.000000000000,      0.000000000000,      0.000000000000
      0.000000000000,     -0.503761877062,      1.608421139968,      1.251586047379,      0.021079787347,     -1.877432609427,     -1.026544946194,     -0.709325016990,      0.676682975401,      0.027689992027,      0.397483028155,      0.201842233287,     -0.350708608739,      0.218295516691,      0.020726358610,     -0.052341912936,     -0.086693507755,      0.055359570202,      0.095236845758,     -0.098035232210,      0.000000000000,      0.000000000000,      0.000000000000,      0.000000000000,      0.000000000000,      0.000000000000,      0.000000000000,      0.000000000000,      0.000000000000,      0.000000000000,      0.000000000000,      0.000000000000,      0.000000000000,      0.000000000000,      0.000000000000,      0.000000000000
      0.000000000000,     -0.167691646776,      1.791629020039,      0.000212866736,     -1.883794705624,      0.959222462193,      0.930343297638,     -0.934153146577,     -0.920349942553,      0.040646487926,     -0.028121678484,      0.337286865349,      0.276376078061,     -0.213346185038,      0.154081419438,      0.080287596475,     -0.156492342354,     -0.066061346039,     -0.037236445343,     -0.094589180096,      0.000000000000,      0.000000000000,      0.000000000000,      0.000000000000,      0.000000000000,      0.000000000000,      0.000000000000,      0.000000000000,      0.000000000000,      0.000000000000,      0.000000000000,      0.000000000000,      0.000000000000,      0.000000000000,      0.000000000000,      0.000000000000
      0.000000000000,     -0.003775301031,     -1.766400890626,      1.619477534622,      0.034252615996,      1.103838065845,     -1.070598168342,      0.784379704373,     -0.772885792766,      0.505424883132,     -0.395574024645,      0.011805331897,     -0.129667593993,      0.116454760121,     -0.008051429527,      0.155805505574,     -0.148254728213,     -0.118991088089,      0.044914767425,     -0.031748612854,      0.000000000000,      0.000000000000,      0.000000000000,      0.000000000000,      0.000000000000,      0.000000000000,      0.000000000000,      0.000000000000,      0.000000000000,      0.000000000000,      0.000000000000,      0.000000000000,      0.000000000000,      0.000000000000,      0.000000000000,      0.000000000000
      0.000000000000,      2.149936103811,     -0.157609603391,      0.042380352265,     -1.596547683316,     -1.005295370110,      1.025847868948,      0.699687010134,     -0.735908838670,     -0.040139675773,      0.449944637816,     -0.364681752410,     -0.019309389380,      0.228865272265,     -0.183417289498,     -0.097243628456,      0.094700659438,      0.122039384310,     -0.069660438436,     -0.026239498325,      0.000000000000,      0.000000000000,      0.000000000000,      0.000000000000,      0.000000000000,      0.000000000000,      0.000000000000,      0.000000000000,      0.000000000000,      0.000000000000,      0.000000000000,      0.000000000000,      0.000000000000,      0.000000000000,      0.000000000000,      0.000000000000
      0.000000000000,     -1.737886614846,      0.222554047040,      1.788339651383,     -1.160147846126,      0.319854922189,     -0.846263265453,      0.927186663332,      0.762870254730,     -0.500444529276,     -0.148882369684,     -0.225834871473,     -0.230846364334,      0.016522383227,      0.007344520153,      0.236059557476,     -0.062548479730,      0.066064720721,      0.037797177132,      0.087404642613,      0.000000000000,      0.000000000000,      0.000000000000,      0.000000000000,      0.000000000000,      0.000000000000,      0.000000000000,      0.000000000000,      0.000000000000,      0.000000000000,      0.000000000000,      0.000000000000,      0.000000000000,      0.000000000000,      0.000000000000,      0.000000000000
      0.000000000000,      0.171689246307,     -1.899101392691,      0.064895186991,      1.713456113283,     -1.000647721605,     -0.860939445913,      0.755020545231,      0.598446096475,      0.026338679341,     -0.450517506029,      0.436611694366,      0.012136759745,     -0.192430382499,     -0.089023646172,     -0.157873698815,      0.145483801940,      0.074155535278,      0.079398221550,     -0.057726876612,      0.000000000000,      0.000000000000,      0.000000000000,      0.000000000000,      0.000000000000,      0.000000000000,      0.000000000000,      0.000000000000,      0.000000000000,      0.000000000000,      0.000000000000,      0.000000000000,      0.000000000000,      0.000000000000,      0.000000000000,      0.000000000000
      0.000000000000,      2.299022390785,      0.050316816064,     -1.589805064102,     -0.037202443225,      0.991189049459,     -0.982140585380,     -0.891282074846,      0.849292667966,     -0.070843196194,      0.377599644908,     -0.044923669167,     -0.271820053133,     -0.141190083309,      0.211922836641,      0.172617682756,      0.037518532157,      0.051494163498,     -0.107840115459,     -0.061353572973,      0.000000000000,      0.000000000000,      0.000000000000,      0.000000000000,      0.000000000000,      0.000000000000,      0.000000000000,      0.000000000000,      0.000000000000,      0.000000000000,      0.000000000000,      0.000000000000,      0.000000000000,      0.000000000000,      0.000000000000,      0.000000000000
      0.000000000000,     -2.235907767782,      0.409676179552,      0.118619625861,      1.521879583360,     -0.976802999882,     -0.709857944202,      0.926098904662,      0.678159952808,     -0.495501884173,     -0.164103370098,      0.372123907861,      0.035317535175,     -0.250179123545,      0.034886916109,     -0.258553911734,     -0.043178214876,      0.070187789448,      0.092306375364,      0.038175719665,      0.000000000000,      0.000000000000,      0.000000000000,      0.000000000000,      0.000000000000,      0.000000000000,      0.000000000000,      0.000000000000,      0.000000000000,      0.000000000000,      0.000000000000,      0.000000000000,      0.000000000000,      0.000000000000,      0.000000000000,      0.000000000000
      0.000000000000,      1.994348902305,     -0.246519647232,     -0.215622569219,     -1.499264729548,      1.059671197838,     -0.954332403017,      0.795156807710,     -0.622876470863,     -0.040556436929,      0.412798082552,      0.330526309192,     -0.314386672208,      0.113152751678,      0.211893754715,     -0.101124173063,     -0.013536161546,      0.051293968747,     -0.113681093831,     -0.067006564475,      0.000000000000,      0.000000000000,      0.000000000000,      0.000000000000,      0.000000000000,      0.000000000000,      0.000000000000,      0.000000000000,      0.000000000000,      0.000000000000,      0.000000000000,      0.000000000000,      0.000000000000,      0.000000000000,      0.000000000000,      0.000000000000
      0.000000000000,     -2.232358880664,      0.230041832459,      0.313446421076,      1.571607424346,     -1.001262283789,      0.983340465737,     -0.876063705364,      0.813594460217,      0.057145989568,     -0.415670267187,      0.030553897384,     -0.282719261160,      0.299833575198,     -0.179151483804,     -0.068360600095,     -0.061275575030,      0.057043557651,      0.047816369329,      0.088123349973,      0.000000000000,      0.000000000000,      0.000000000000,      0.000000000000,      0.000000000000,      0.000000000000,      0.000000000000,      0.000000000000,      0.000000000000,      0.000000000000,      0.000000000000,      0.000000000000,      0.000000000000,      0.000000000000,      0.000000000000,      0.000000000000
      0.000000000000,      1.715951745115,     -0.261498426993,     -0.258696236946,     -1.566603620443,      1.126779842395,     -1.027860359941,      0.796305833299,     -0.674345054360,      0.507090078904,      0.025250372938,     -0.401442063003,      0.297622432490,      0.148102262938,     -0.098402241964,      0.003763379018,     -0.102601079700,      0.081217380540,     -0.036208826082,      0.023214257490,      0.000000000000,      0.000000000000,      0.000000000000,      0.000000000000,      0.000000000000,      0.000000000000,      0.000000000000,      0.000000000000,      0.000000000000,      0.000000000000,      0.000000000000,      0.000000000000,      0.000000000000,      0.000000000000,      0.000000000000,      0.000000000000
      0.000000000000,      0.194687351875,     -1.862411839274,      1.916678949772,      0.271437994217,     -1.080515885085,      0.901200337106,      0.963345931867,     -0.707080671589,      0.010051684801,      0.303376457918,     -0.298119400221,     -0.118534642911,     -0.233574735113,      0.025378393202,     -0.177429440743,      0.081160614721,      0.161153111491,     -0.038415880510,      0.040632741826,      0.000000000000,      0.000000000000,      0.000000000000,      0.000000000000,      0.000000000000,      0.000000000000,      0.000000000000,      0.000000000000,      0.000000000000,      0.000000000000,      0.000000000000,      0.000000000000,      0.000000000000,      0.000000000000,      0.000000000000,      0.000000000000
      0.000000000000,      0.311286186304,     -1.774477501781,      0.193475376138,      1.921320684048,     -1.235638034290,      1.191506507254,     -0.747802882265,      0.643012178861,     -0.538421001991,     -0.000402401528,     -0.119766286643,      0.007112113317,      0.220792220853,      0.083049441403,     -0.154585280733,     -0.091749961935,     -0.046898612063,      0.068171731669,      0.033021078715,      0.000000000000,      0.000000000000,      0.000000000000,      0.000000000000,      0.000000000000,      0.000000000000,      0.000000000000,      0.000000000000,      0.000000000000,      0.000000000000,      0.000000000000,      0.000000000000,      0.000000000000,      0.000000000000,      0.000000000000,      0.000000000000
      0.000000000000,      0.042670055986,      1.762188765839,     -1.647098038462,      0.126883096753,     -0.763562138043,     -1.091516265250,      1.039637739195,      0.609821777789,      0.001508920606,      0.374252544420,     -0.002254044581,     -0.280973333426,      0.202997883653,     -0.183079458624,      0.064850684824,     -0.058981118457,     -0.162598858716,     -0.083538323049,      0.077953484507,      0.000000000000,      0.000000000000,      0.000000000000,      0.000000000000,      0.000000000000,      0.000000000000,      0.000000000000,      0.000000000000,      0.000000000000,      0.000000000000,      0.000000000000,      0.000000000000,      0.000000000000,      0.000000000000,      0.000000000000,      0.000000000000
      0.000000000000,      1.929513895149,      0.038838339557,     -0.025069955956,     -1.802806139072,      1.229221228089,     -1.158044834665,     -0.713386670142,      0.571409727764,     -0.048741399320,      0.460100226059,     -0.109492316278,     -0.027208501393,      0.225667528251,     -0.203008739456,     -0.158510475442,      0.135916983821,      0.066931213443,      0.037528355254,     -0.083795145278,      0.000000000000,      0.000000000000,      0.000000000000,      0.000000000000,      0.000000000000,      0.000000000000,      0.000000000000,      0.000000000000,      0.000000000000,      0.000000000000,      0.000000000000,      0.000000000000,      0.000000000000,      0.000000000000,      0.000000000000,      0.000000000000
      0.000000000000,     -2.010804924867,     -0.190123343740,      1.739150850219,      0.090399319650,     -1.252900227978,      0.909006141579,      0.848838440037,     -0.674033843293,     -0.002517316939,     -0.389570124791,      0.333919909035,      0.029550342892,     -0.168670786228,     -0.090223807087,     -0.168538954519,      0.081013262578,      0.135751957561,      0.112703505838,      0.061310468762,      0.000000000000,      0.000000000000,      0.000000000000,      0.000000000000,      0.000000000000,      0.000000000000,      0.000000000000,      0.000000000000,      0.000000000000,      0.000000000000,      0.000000000000,      0.000000000000,      0.000000000000,      0.000000000000,      0.000000000000,      0.000000000000
      0.000000000000,     -0.115919172092,     -1.885209237259,      1.619500656755,     -0.110407192790,     -1.030047700280,      0.968210706523,      0.679934210731,     -0.782521290838,      0.024709961374,      0.419301280762,     -0.357006696377,      0.227812645147,     -0.005053625216,     -0.092781404394,     -0.164367926538,      0.097249351137,     -0.100378574968,      0.058862507388,      0.035757072467,      0.000000000000,      0.000000000000,      0.000000000000,      0.000000000000,      0.000000000000,      0.000000000000,      0.000000000000,      0.000000000000,      0.000000000000,      0.000000000000,      0.000000000000,      0.000000000000,      0.000000000000,      0.000000000000,      0.000000000000,      0.000000000000
      0.000000000000,      2.043211684522,     -0.098870793407,     -1.682134473909,      0.074003930027,      1.086324090620,     -1.008361309884,      0.725691179813,     -0.753885425908,     -0.036845071248,      0.497099240452,     -0.295123083251,      0.099188892000,      0.206632123997,     -0.104925777096,     -0.134047745286,      0.000914708250,      0.123652831558,     -0.081899330558,     -0.038792798041,      0.000000000000,      0.000000000000,      0.000000000000,      0.000000000000,      0.000000000000,      0.000000000000,      0.000000000000,      0.000000000000,      0.000000000000,      0.000000000000,      0.000000000000,      0.000000000000,      0.000000000000,      0.000000000000,      0.000000000000,      0.000000000000
      0.000000000000,     -1.970749118265,      0.158931777432,      1.791778285769,      0.011605855410,     -0.907751775605,     -0.875201386680,      1.068435107587,      0.798812128967,     -0.492909767736,      0.030788388941,      0.048623545758,      0.193973516229,      0.176486882544,     -0.169414122243,     -0.054275770545,     -0.169521422580,      0.055919538111,      0.088885707164,     -0.038094789587,      0.000000000000,      0.000000000000,      0.000000000000,      0.000000000000,      0.000000000000,      0.000000000000,      0.000000000000,      0.000000000000,      0.000000000000,      0.000000000000,      0.000000000000,      0.000000000000,      0.000000000000,      0.000000000000,      0.000000000000,      0.000000000000
      0.000000000000,      0.019187440895,      0.072925997913,     -1.824693581687,      1.639012586522,     -0.913939683437,      0.901187553047,      0.746507800942,     -0.722066305610,     -0.444299755411,      0.451681786635,      0.007483337759,     -0.019121866418,     -0.075500437807,     -0.152045590862,      0.075664244736,     -0.152140043395,      0.130018234086,      0.103643334323,      0.043602930803,      0.000000000000,      0.000000000000,      0.000000000000,      0.000000000000,      0.000000000000,      0.000000000000,      0.000000000000,      0.000000000000,      0.000000000000,      0.000000000000,      0.000000000000,      0.000000000000,      0.000000000000,      0.000000000000,      0.000000000000,      0.000000000000
      0.000000000000,      1.868378825018,     -0.183414709681,     -0.373877893830,     -1.783180497030,      1.100632580979,      0.921076638450,     -1.091153143181,     -0.878895701263,      0.430709992852,     -0.005951088062,      0.000190893104,      0.187525565898,     -0.219445851094,      0.178879862105,      0.080827350997,      0.079081545611,     -0.059166410204,     -0.096100347009,     -0.030196036580,      0.000000000000,      0.000000000000,      0.000000000000,      0.000000000000,      0.000000000000,      0.000000000000,      0.000000000000,      0.000000000000,      0.000000000000,      0.000000000000,      0.000000000000,      0.000000000000,      0.000000000000,      0.000000000000,      0.000000000000,      0.000000000000
      0.000000000000,     -1.800994195679,      0.364306945148,      0.293835697807,      1.860144672954,     -0.975634514996,     -0.781096077853,      0.987829806649,      0.665387525761,     -0.431348364139,      0.012303056002,     -0.301016135291,     -0.029323538261,      0.314002056372,     -0.209097280242,     -0.095362126841,     -0.073769877260,      0.064468614490,      0.069146054200,      0.087114282088,      0.000000000000,      0.000000000000,      0.000000000000,      0.000000000000,      0.000000000000,      0.000000000000,      0.000000000000,      0.000000000000,      0.000000000000,      0.000000000000,      0.000000000000,      0.000000000000,      0.000000000000,      0.000000000000,      0.000000000000,      0.000000000000
      0.000000000000,      2.080469456509,     -0.019975335294,     -1.608055691125,     -0.186203059841,     -1.120682413209,      0.939963278837,     -0.840517992401,      0.805413893942,     -0.028738975168,     -0.418348807897,     -0.028796961103,      0.371271371223,      0.158439274190,      0.059992973060,      0.165497136408,     -0.070035186862,     -0.112927146397,      0.052475019685,     -0.057901578359,      0.000000000000,      0.000000000000,      0.000000000000,      0.000000000000,      0.000000000000,      0.000000000000,      0.000000000000,      0.000000000000,      0.000000000000,      0.000000000000,      0.000000000000,      0.000000000000,      0.000000000000,      0.000000000000,      0.000000000000,      0.000000000000
      0.000000000000,     -1.748278960915,      0.072160009695,      0.095833741351,      1.971455014519,      1.191651112681,     -0.799591274898,     -0.846180819523,      0.787318560118,      0.028163381606,     -0.175603179321,     -0.309399679081,      0.171099781668,     -0.291025057673,     -0.017991227129,      0.227918643364,     -0.129720447474,     -0.053827744419,      0.091099863510,      0.032389377670,      0.000000000000,      0.000000000000,      0.000000000000,      0.000000000000,      0.000000000000,      0.000000000000,      0.000000000000,      0.000000000000,      0.000000000000,      0.000000000000,      0.000000000000,      0.000000000000,      0.000000000000,      0.000000000000,      0.000000000000,      0.000000000000
      0.000000000000,     -0.133657530520,      1.762761884813,     -0.126215447313,     -1.866321857767,      1.046432013821,     -1.043510602876,      0.669739594151,     -0.610950560315,      0.000447410159,     -0.003851033456,     -0.365157239902,      0.298951567897,      0.107135195898,      0.193202935437,     -0.088758817627,      0.162205560836,     -0.140055630476,     -0.041503806422,      0.024348979281,      0.000000000000,      0.000000000000,      0.000000000000,      0.000000000000,      0.000000000000,      0.000000000000,      0.000000000000,      0.000000000000,      0.000000000000,      0.000000000000,      0.000000000000,      0.000000000000,      0.000000000000,      0.000000000000,      0.000000000000,      0.000000000000
      0.000000000000,      1.561237853912,     -0.233118040885,     -1.993822180047,     -0.236256719070,      1.094254214386,      0.728620386114,     -1.103783492508,     -0.722358993373,      0.471652017535,      0.163589607557,      0.006780296151,      0.012750702322,      0.246461419794,     -0.149328302852,     -0.227975073728,      0.152923328961,      0.055375317696,     -0.025874316396,     -0.063965115985,      0.000000000000,      0.000000000000,      0.000000000000,      0.000000000000,      0.000000000000,      0.000000000000,      0.000000000000,      0.000000000000,      0.000000000000,      0.000000000000,      0.000000000000,      0.000000000000,      0.000000000000,      0.000000000000,      0.000000000000,      0.000000000000
      0.000000000000,     -0.293844372578,      1.797385724771,     -1.947535000764,     -0.220189646592,      1.084149330861,     -1.060659986919,      0.775827319366,     -0.599464747868,     -0.008903164896,      0.477307374822,     -0.316970869066,      0.133843157025,      0.246272009229,     -0.017895281297,     -0.094702963459,      0.149410143152,     -0.118078964872,      0.047407210035,     -0.056726912402,      0.000000000000,      0.000000000000,      0.000000000000,      0.000000000000,      0.000000000000,      0.000000000000,      0.000000000000,      0.000000000000,      0.000000000000,      0.000000000000,      0.000000000000,      0.000000000000,      0.000000000000,      0.000000000000,      0.000000000000,      0.000000000000
